"Adresse","Occurrences","Title 1","Longueur du Title 1","Largeur en pixels du Title 1","Indexabilité","Statut d'indexabilité"
"https://www.rougier-ple.fr/","1","Rougier&Plé Magasin loisirs créatifs, Fourniture scolaire Beaux Arts","68","597","Indexable",""
"https://www.rougier-ple.fr/modes-paiement.r.html","1","Modes de paiement chez Rougier & Plé - Rougier & Plé","52","479","Indexable",""
"https://www.rougier-ple.fr/peinture-textile.r.html","1","Peinture spéciale textile - Feutre textile - Rougier & Plé","58","473","Indexable",""
"https://www.rougier-ple.fr/medium-additif-pigment.r.html","1","Médium, Additif, Pigment","24","223","Indexable",""
"https://www.rougier-ple.fr/craie-ardoise-enfant.r.html","1","Craie, Ardoise, Ardoise magique, Tableau effaçable | Rougier&Plé","64","573","Indexable",""
"https://www.rougier-ple.fr/chassis-sur-mesure.r.html","1","Châssis sur mesure - Votre châssis sur mesure pour toile | Rougier&Plé","70","629","Indexable",""
"https://www.rougier-ple.fr/peinture-aquarelle.r.html","1","Peinture aquarelle pas cher - Coffret aquarelle - Rougier & Plé","63","538","Indexable",""
"https://www.rougier-ple.fr/livre-artisanat-art.r.html","1","Livre d'artisanat d'art","23","184","Indexable",""
"https://www.rougier-ple.fr/peinture-1597.r.html","1","Peinture enfant, Peinture au doigt, coffrets peinture enfant | Rougier&Plé<br type=""_moz"" />","92","636","Indexable",""
"https://www.rougier-ple.fr/linogravure.r.html","1","Matériel linogravure pas cher - Linogravure maison - Rougier&Plé","64","572","Indexable",""
"https://www.rougier-ple.fr/planche-dessin-compas-equerre.r.html","1","Planche à dessin, compas, équerre","33","307","Indexable",""
"https://www.rougier-ple.fr/cahier-de-coloriage.r.html","1","Carnet de coloriage, Livre de coloriage pour enfant | Rougier&Plé","65","568","Indexable",""
"https://www.rougier-ple.fr/marques/dejou.r.html","1","L'Atelier des fleurs en bois à customiser Dejou | Rougier&Plé<br type=""_moz"" />","79","532","Indexable",""
"https://www.rougier-ple.fr/confection-bricolage-enfant.r.html","1","Matériel pour la confection et le bricolage des enfants","55","475","Indexable",""
"https://www.rougier-ple.fr/jeux-societe.r.html","1","Jeu de société, Jeu éducatif, Jeu de carte, Jouet | Rougier&Plé<br type=""_moz"" />","81","547","Indexable",""
"https://www.rougier-ple.fr/enfant-vernis-papier-decopatch.r.html","1","Vernis colle, Papier décopatch - Activité enfant | Rougier&Plé","62","533","Indexable",""
"https://www.rougier-ple.fr/couture-mode.r.html","1","Mercerie - Tricot, crochet, broderie et couture | Rougier&Plé","61","520","Indexable",""
"https://www.rougier-ple.fr/jesmonite.r.html","1","Retrouvez tous les produits Jesmonite chez Rougier & Plé","56","511","Indexable",""
"https://www.rougier-ple.fr/fil-metallique.r.html","1","Fil métallique","14","118","Indexable",""
"https://www.rougier-ple.fr/coffret-arts-graphiques.r.html","1","Coffret arts graphiques chez Rougier & Plé","42","375","Indexable",""
"https://www.rougier-ple.fr/platre-1787.r.html","1","Plâtre de moulage sur Rougier & Plé","35","317","Indexable",""
"https://www.rougier-ple.fr/aquarelle-miel.r.html","1","Aquarelle au miel : Peinture Beaux-Arts | Rougier&Plé","53","466","Indexable",""
"https://www.rougier-ple.fr/stylo-effacable.r.html","1","Stylo effaçable Legami et Frixion sur Rougier&Plé","49","436","Indexable",""
"https://www.rougier-ple.fr/livre-beaux-arts.r.html","1","Livre Beaux-Arts - achat en ligne de nos Livres","47","405","Indexable",""
"https://www.rougier-ple.fr/livre-loisir.r.html","1","Livre loisir","12","90","Indexable",""
"https://www.rougier-ple.fr/gommette-sticker.r.html","1","Gommette, sticker","17","162","Indexable",""
"https://www.rougier-ple.fr/carnet-de-croquis-1586.r.html","1","Carnet de croquis pas cher - Carnet artiste","43","372","Indexable",""
"https://www.rougier-ple.fr/impression.r.html","1","Matériel pour les techniques d'impression - Rougier&Plé","55","493","Indexable",""
"https://www.rougier-ple.fr/machine-de-decoupe.r.html","1","Machine de découpe électronique et manuelle Rougier&Plé","55","520","Indexable",""
"https://www.rougier-ple.fr/beaux-arts/aquarelle.r.html","1","Aquarelle en godet, demi-godet ou en tube chez Rougier&Plé","58","533","Indexable",""
"https://www.rougier-ple.fr/perle-bijou.r.html","1","Fabriquez vos bijoux - Perles, miyuki, rocaille, apprêts | Rougier&Plé<br type=""_moz"" />","88","592","Indexable",""
"https://www.rougier-ple.fr/tranchefile-signet-1595.r.html","1","Tranchefile, signet","19","163","Indexable",""
"https://www.rougier-ple.fr/faber-castell.r.html","1","Faber Castell achat en ligne pas cher - Rougier & Plé","53","458","Indexable",""
"https://www.rougier-ple.fr/carte-enveloppe-bloc.r.html","1","Faire-part vierge pas cher - Carte double faire part - Rougier & Plé","68","570","Indexable",""
"https://www.rougier-ple.fr/plume-pompon-paillette.r.html","1","Plume, Pompon, Paillette, Sequins pour les enfants | Rougier&Plé","64","573","Indexable",""
"https://www.rougier-ple.fr/les-marques.r.html","1","Les Marques chez Rougier & Plé","30","285","Indexable",""
"https://www.rougier-ple.fr/encre-de-chine-2997.r.html","1","Encre de chine sur Rougier&Plé","30","276","Indexable",""
"https://www.rougier-ple.fr/aerographie.r.html","1","Matériel aerographie - Aerographe loisir créatif - Rougier&Plé","62","535","Indexable",""
"https://www.rougier-ple.fr/sac-artiste-carton-dessin-1588.r.html","1","Sac d'artiste, Carton à dessin - Rougier & Plé","46","390","Indexable",""
"https://www.rougier-ple.fr/cricut-autopress-professionnelle.r.html","1","Autopress professionnelle - Cricut Cricut chez Rougier & Plé","60","529","Indexable",""
"https://www.rougier-ple.fr/peinture-gouache.r.html","1","Peinture gouache - gouache pas cher - Rougier & Plé","51","462","Indexable",""
"https://www.rougier-ple.fr/stylo-quatre-couleurs.r.html","1","Stylo 4 couleurs Bic sur Rougier&Plé","36","321","Indexable",""
"https://www.rougier-ple.fr/reliure.r.html","1","Matériel de reliure - presse - relieuse - cuir chez Rougier&Plé","63","526","Indexable",""
"https://www.rougier-ple.fr/faq.r.html","1","Foire aux questions - Rougier & Plé","35","308","Indexable",""
"https://www.rougier-ple.fr/enfant-deco-anniversaire.r.html","1","Pinata, Décoration anniversaire, Ballon, Pailles | Rougier&Plé","62","531","Indexable",""
"https://www.rougier-ple.fr/book.r.html","1","Press Book - achat de book de présentation pas cher - Rougier & Plé","67","599","Indexable",""
"https://www.rougier-ple.fr/pate-modeler-1598.r.html","1","Pâte à modeler, pâte à sel","26","227","Indexable",""
"https://www.rougier-ple.fr/papier-technique.r.html","1","Papier technique et Papier calque - Rougier & Plé","49","429","Indexable",""
"https://www.rougier-ple.fr/accessoire-arts-graphiques.r.html","1","Accessoire Arts Graphique - Accessoires Arts Graphique","54","498","Indexable",""
"https://www.rougier-ple.fr/gomme-1591.r.html","1","Gomme Arts Graphiques","21","219","Indexable",""
"https://www.rougier-ple.fr/encadrement/cadre-en-bois.r.html","1","Cadre en bois - Cadre en bois de toutes tailles | Rougier&Plé","61","526","Indexable",""
"https://www.rougier-ple.fr/cyanotype.r.html","1","Impression cyanotype photosensible sur Rougier&Plé","50","473","Indexable",""
"https://www.rougier-ple.fr/colle-adhesif.r.html","1","Colle et  Adhésif - Rougier & Plé","33","273","Indexable",""
"https://www.rougier-ple.fr/cosmetiques.r.html","1","Aromathérapie chez Rougier & Plé","32","302","Indexable",""
"https://www.rougier-ple.fr/puzzle-enfants.r.html","1","Puzzle, Casse-tête, Maquette, Jeux de construction | Rougier&Plé<br type=""_moz"" />","82","574","Indexable",""
"https://www.rougier-ple.fr/crayon-de-couleur-feutre.r.html","1","Crayon de couleur, Crayon à papier, Feutre enfant | Rougier&Plé<br type=""_moz"" />","81","558","Indexable",""
"https://www.rougier-ple.fr/peinture-chaussures-vetements.r.html","1","Produits pour customiser des chaussures et des vêtements","56","526","Indexable",""
"https://www.rougier-ple.fr/chevalet-1587.r.html","1","Chevalet en bois peinture pas cher - Chevalet atelier","53","455","Indexable",""
"https://www.rougier-ple.fr/dessin-technique.r.html","1","Outils dessin Technique pas cher - Vente fourniture - Rougier & Plé","67","585","Indexable",""
"https://www.rougier-ple.fr/pastel-1589.r.html","1","Pastel sec pas cher - Vente pastels gras - Rougier & Plé","56","486","Indexable",""
"https://www.rougier-ple.fr/silicone-latex.r.html","1","Silicone, Latex sur Rougier & Plé","33","284","Indexable",""
"https://www.rougier-ple.fr/calame.r.html","1","Calame de calligraphie sur Rougier&Plé","38","348","Indexable",""
"https://www.rougier-ple.fr/regle-reglet-echelle.r.html","1","Règle, Réglet, Echelle","22","186","Indexable",""
"https://www.rougier-ple.fr/entreprise.r.html","1","L' Entreprise - Rougier & Plé","29","242","Indexable",""
"https://www.rougier-ple.fr/format-raisin.r.html","1","Papiers et cartons au format raisin 50x65 cm sur Rougier&Plé","60","546","Indexable",""
"https://www.rougier-ple.fr/paques.r.html","1","Printemps Créatif chez Rougier & Plé","36","326","Indexable",""
"https://www.rougier-ple.fr/peinture-huile.r.html","1","Tout pour la peinture à l'huile ! Peintures, coffrets et accessoires ","69","566","Indexable",""
"https://www.rougier-ple.fr/beaux-arts/huile.r.html","1","Peinture à l'huile Beaux-Arts à la couleur ou en coffret | Rougier&Plé","70","596","Indexable",""
"https://www.rougier-ple.fr/peinture-par-numero.r.html","1","Peinture par numéro Figued'art sur Rougier&Plé","46","420","Indexable",""
"https://www.rougier-ple.fr/posca-1315.r.html","1","Marqueur POSCA feutre POSCA pas cher achat unité malette Rougier & Plé","70","661","Indexable",""
"https://www.rougier-ple.fr/materiel-architecture.r.html","1","Matériel architecture chez Rougier & Plé","40","353","Indexable",""
"https://www.rougier-ple.fr/ciseaux-colle.r.html","1","Ciseaux, Colle, Kit Collage pour enfant | Rougier&Plé<br type=""_moz"" />","71","459","Indexable",""
"https://www.rougier-ple.fr/moule-resine.r.html","1","Moule, Plaque de texture chez Rougier & Plé","43","388","Indexable",""
"https://www.rougier-ple.fr/presse.r.html","1","Presse - Rougier & Plé","22","195","Indexable",""
"https://www.rougier-ple.fr/magasins.r.html","1","Nos magasins Artéïs, Artpro, Color'i, Graphigro et Rougier & Plé","64","557","Indexable",""
"https://www.rougier-ple.fr/objets-decorer-bois-papier-mache.r.html","1","Objets à décorer - Support à décorer - Rougier & Plé","52","452","Indexable",""
"https://www.rougier-ple.fr/crea-1257.r.html","1","Créa achat en ligne - Vente produits Créa pas cher - Rougier & Plé","66","574","Indexable",""
"https://www.rougier-ple.fr/crayon-porte-mine-mine.r.html","1","Achat crayon à papier - Vente mine et porte-mine pas cher - Rougier&Plé","71","635","Indexable",""
"https://www.rougier-ple.fr/pastel.r.html","1","Peinture pastel - Crayon pastel - Rougier & Plé","47","404","Indexable",""
"https://www.rougier-ple.fr/plan-du-site.r.html","1","Plan du site – Rougier & Plé","28","245","Indexable",""
"https://www.rougier-ple.fr/calligraphie.r.html","1","Vente matériel calligraphie Arabe, Chinoise, Japonaise pas cher","63","560","Indexable",""
"https://www.rougier-ple.fr/paiement-securise.r.html","1","Paiement Sécurisé - Rougier & Plé","33","299","Indexable",""
"https://www.rougier-ple.fr/porte-mine-etui-mine.r.html","1","Porte-mine et étui ou assortiment de mine pour le dessin chez Rouger-Plé","72","649","Indexable",""
"https://www.rougier-ple.fr/sac-de-transport-carton-dessin-tube.r.html","1","Sac de transport, Carton à dessin, Tube","39","347","Indexable",""
"https://www.rougier-ple.fr/reception.r.html","1","Réception chez Rougier & Plé","28","259","Indexable",""
"https://www.rougier-ple.fr/trousse-2996.r.html","1","Trousse Legami, Tann's et Kickers sur Rougier&Plé","49","450","Indexable",""
"https://www.rougier-ple.fr/restauration.r.html","1","Matériaux et outils pour la Vannerie Cannage et Rempaillage Ebenisterie Restauration meuble ancien","98","888","Indexable",""
"https://www.rougier-ple.fr/papier-reliure.r.html","1","Papier reliure","14","117","Indexable",""
"https://www.rougier-ple.fr/herbier-jeu-exploration.r.html","1","Herbier, Presse-fleur, Globe terrestre, Jumelles, Loupe | RougieréPlé","69","595","Indexable",""
"https://www.rougier-ple.fr/stylo-stylo-plume.r.html","1","Stylo, stylo plume","18","156","Indexable",""
"https://www.rougier-ple.fr/accessoire-encadrement.r.html","1","Accessoire Encadrement","22","221","Indexable",""
"https://www.rougier-ple.fr/feutre-marqueur.r.html","1","Marqueur pas cher - Vente malette marqueurs  - Rougier & Plé","60","540","Indexable",""
"https://www.rougier-ple.fr/les-marques/charbonnel.r.html","1","Encre Charbonnel par Lefranc Bourgeois - Rougier&Plé","52","482","Indexable",""
"https://www.rougier-ple.fr/livre.r.html","1","Livres créatifs enfant, Livres de coloriage et gommettes |Rougier&Plé","69","608","Indexable",""
"https://www.rougier-ple.fr/cadre-sous-verre.r.html","1","Cadre Sous-Verre - cadres pas cher - Rougier & Plé","50","445","Indexable",""
"https://www.rougier-ple.fr/scrapbooking.r.html","1","Scrapbooking : outils, matières, supports et accessoires pour le scrapbooking","77","686","Indexable",""
"https://www.rougier-ple.fr/feutres-alcool.r.html","1","Feutre à alcool Promarker, Créamarker, Copic sur Rougier&Plé<br type=""_moz"" />","78","548","Indexable",""
"https://www.rougier-ple.fr/beaux-arts/gouache.r.html","1","Gouache de qualité Beaux-Arts à l'unité ou en coffret | Rougier&Plé","67","586","Indexable",""
"https://www.rougier-ple.fr/loisirs-argile-autodurcissante.r.html","1","Argile autodurcissante et pâtes autodurcissante pour modelage sur Rougier&Plé","77","710","Indexable",""
"https://www.rougier-ple.fr/peinture-acrylique.r.html","1","Acheter peinture acrylique - Vente peintures acryliques pas cher Gammes variées Étude Fine et Extra-Fine ","105","926","Indexable",""
"https://www.rougier-ple.fr/contact.r.html","1","Rougier & Plé - Formulaire de contact","37","328","Indexable",""
"https://www.rougier-ple.fr/meilleures-ventes2.r.html","1","Meilleures Ventes chez Rougier & Plé","36","328","Indexable",""
"https://www.rougier-ple.fr/cartable.r.html","1","Cartable Tann's et Kickers sur Rougier&Plé","42","377","Indexable",""
"https://www.rougier-ple.fr/sennelier.r.html","1","Sennelier achat en ligne - Vente produits Sennelier pas cher - Rougier & Plé","76","656","Indexable",""
"https://www.rougier-ple.fr/plume-calame.r.html","1","Achat Plume, Porte plume, Calame, pinceau de Calligraphie","57","522","Indexable",""
"https://www.rougier-ple.fr/nouveautes2.r.html","1","Nouveautés chez Rougier & Plé","29","276","Indexable",""
"https://www.rougier-ple.fr/modelage-fimo-pate-modeler-loisir.r.html","1","Modelage, Poterie - Pâte Fimo, Argile, Porcelaine | Rougier&Plé","63","552","Indexable",""
"https://www.rougier-ple.fr/aerographe-compresseur.r.html","1","Aérographe, Compresseur","23","232","Indexable",""
"https://www.rougier-ple.fr/les-marques-rougier-ple.r.html","1","Les marques MDD Rougier&Plé chez Rougier & Plé","46","447","Indexable",""
"https://www.rougier-ple.fr/peluche-poupee-diy.r.html","1","Peluches et Poupées à personnalisation ou à fabriquer | Rougier&Plé","67","606","Indexable",""
"https://www.rougier-ple.fr/decoupage-pliage-gomette.r.html","1","Gommettes et stickers pour enfant sur Rougier & Plé","51","464","Indexable",""
"https://www.rougier-ple.fr/meilleures-ventes-beaux-arts.r.html","1","Meilleures ventes Beaux-arts chez Rougier & Plé","47","424","Indexable",""
"https://www.rougier-ple.fr/carte-gratter-carte-pailleter.r.html","1","Carte à gratter, Carte à pailleter - Activités enfant | Rougier&Plé","67","550","Indexable",""
"https://www.rougier-ple.fr/vernis-colle-pinceau-1592.r.html","1","Vernis, Colle, Pinceau","22","190","Indexable",""
"https://www.rougier-ple.fr/coloriages-mysteres.r.html","1","Coloriages Mystères - Livre de coloriage au numéro, feutres et crayons sur Rougier&Plé","86","769","Indexable",""
"https://www.rougier-ple.fr/conditions-generales-vente.r.html","1","Conditions générales de vente - Rougier & Plé","45","400","Indexable",""
"https://www.rougier-ple.fr/encre-1596.r.html","1","Encre linogravure ","18","154","Indexable",""
"https://www.rougier-ple.fr/carterie-creative.r.html","1","Carterie créative - Carterie pas chère - Rougier & Plé","54","454","Indexable",""
"https://www.rougier-ple.fr/tableau-creatif-enfant.r.html","1","Tableau par numéros, Tableau pailleté, Tableau à tisser | Rougier&Plé","69","610","Indexable",""
"https://www.rougier-ple.fr/cuir-1594.r.html","1","Cuir","4","36","Indexable",""
"https://www.rougier-ple.fr/enfant-perle-bijoux.r.html","1","Perle, Kit Bijoux, métier à tisser, Elastique | Rouigier&Plé","60","490","Indexable",""
"https://www.rougier-ple.fr/enfant-fournitures-papeterie.r.html","1","Fournitures loisirs créatifs enfants et Papeterie enfant","56","476","Indexable",""
"https://www.rougier-ple.fr/loisirs-creatifs-plume.r.html","1","Plume décorative pour loisirs créatifs chez Rougier & Plé","57","500","Indexable",""
"https://www.rougier-ple.fr/programme-fidelite.html.r.html","1","Programme Fidélité - Rougier & Plé","34","308","Indexable",""
"https://www.rougier-ple.fr/beaux-arts/acrylique.r.html","1","Peinture Acrylique Beaux-Arts à l'unité ou en coffret | Rougier&Plé","67","577","Indexable",""
"https://www.rougier-ple.fr/vernis-patine.r.html","1","Vernis, patine","14","120","Indexable",""
"https://www.rougier-ple.fr/adhesifs-masking-tape.r.html","1","Maskingtape pas cher - Vente Masking Tape - Rougier & Plé","57","526","Indexable",""
"https://www.rougier-ple.fr/agenda-calendrier.r.html","1","Achat agenda pas cher - calendrier pas cher - vente agenda en ligne","67","594","Indexable",""
"https://www.rougier-ple.fr/pyrogravure.r.html","1","Pyrogravure sur bois - Coffret pyrograveur - Rougier & Plé","58","505","Indexable",""
"https://www.rougier-ple.fr/feutrine-mousse-creative-enfant.r.html","1","Feutrine, Mousse créative, Mousse Crepla pour enfant | Rougier&Plé","66","600","Indexable",""
"https://www.rougier-ple.fr/stylo-stylo-feutre.r.html","1","Stylo, Stylo feutre","19","154","Indexable",""
"https://www.rougier-ple.fr/alginate-moulage.r.html","1","Alginate pour prise d'empreinte sur le corps Moulage de main ou projet de reproduction pour tirage unique","105","936","Indexable",""
"https://www.rougier-ple.fr/modelage.r.html","1","Outils modelage argile - Materiel activité modelage - Rougier&Plé","65","570","Indexable",""
"https://www.rougier-ple.fr/papier-de-soie-crepon.r.html","1","Papier de soie, crépon","22","196","Indexable",""
"https://www.rougier-ple.fr/fusain-crayon-porte-mine.r.html","1","Achat Fusain pas cher - Vente Crayon graphite, Porte-mine - Rougier&Plé","71","640","Indexable",""
"https://www.rougier-ple.fr/decopatch.r.html","1","Collage: Papier maché, papier décoratifs et vernis Colle |Rougier&Plé<br type=""_moz"" />","87","604","Indexable",""
"https://www.rougier-ple.fr/feutre-surligneur.r.html","1","Feutre, surligneur","18","154","Indexable",""
"https://www.rougier-ple.fr/confection-abat-jour.r.html","1","Confection abat jour tissu - Fabriquer abat-jour  - Rougier & Plé","65","546","Indexable",""
"https://www.rougier-ple.fr/moule-gateau-deco-enfant.r.html","1","Moule à gâteau, Décor","21","198","Indexable",""
"https://www.rougier-ple.fr/petites-fournitures.r.html","1","Gomme, Colle et Taille-crayon pour le bureau ou l'école chez Rougier&Plé","72","645","Indexable",""
"https://www.rougier-ple.fr/papier-1585.r.html","1","Papier dessin, Papier couleur pas cher, Achat en ligne de nos papiers","69","607","Indexable",""
"https://www.rougier-ple.fr/coffret-beaux-arts.r.html","1","Coffret Beaux-Arts","18","164","Indexable",""
"https://www.rougier-ple.fr/embellissement-ruban-noeud.r.html","1","Embellissement, ruban, nœud","27","262","Indexable",""
"https://www.rougier-ple.fr/book-nook.r.html","1","Maquettes Rolife Book Nook sur Rougier&Plé<br type=""_moz"" />","60","400","Indexable",""
"https://www.rougier-ple.fr/chassis-toile.r.html","1","Toile sur châssis pas cher - Vente chassis toilé - Rougier & Plé","64","547","Indexable",""
"https://www.rougier-ple.fr/perles-repasser-support.r.html","1","Perles à repasser, Support perles à repasser | Rougier&Plé","58","512","Indexable",""
"https://www.rougier-ple.fr/ciseaux-cutter.r.html","1","Ciseaux, cutter","15","131","Indexable",""
"https://www.rougier-ple.fr/peinture-pochoirs-tampons.r.html","1","Peinture pour enfants sur Rougier & Plé","39","348","Indexable",""
"https://www.rougier-ple.fr/pate-polymere-fimo-1593.r.html","1","Pâte polymère, Fimo - Rougier & Plé","35","315","Indexable",""
"https://www.rougier-ple.fr/maquillage.r.html","1","Maquillage, Tatouage, Sticker visage pour enfant | Rougier&Plé","62","553","Indexable",""
"https://www.rougier-ple.fr/argile.r.html","1","Argile","6","51","Indexable",""
"https://www.rougier-ple.fr/moulage-enfant.r.html","1","Moulage pour les enfants, Plâtre à couler dès 6 ans | Rougier&Plé","65","575","Indexable",""
"https://www.rougier-ple.fr/loisirs-creatifs/decoden.r.html","1","Tendance créative Decoden - Décorez vos objets préférés | Rougier&PLé<br type=""_moz"" />","87","636","Indexable",""
"https://www.rougier-ple.fr/calculatrice.r.html","1","Calculatrice scolaire et professionnelle sur Rougier&Plé","56","490","Indexable",""
"https://www.rougier-ple.fr/canson.r.html","1","Canson achat en ligne - Vente produits Canson pas cher - Rougier & Plé","70","629","Indexable",""
"https://www.rougier-ple.fr/outil-modelage-sculpture-professionnel.r.html","1","Découvrez une vaste gamme d’outils pour le modelage et la sculpture pour de nombreux matériaux<br />","100","874","Indexable",""
"https://www.rougier-ple.fr/pyrograveur-pointe.r.html","1","Pyrograveur, pointe","19","172","Indexable",""
"https://www.rougier-ple.fr/devis-bon-commande.r.html","1","Devis - Bon de commande - Bon administratif - Rougier & Plé - Rougier & Plé","75","666","Indexable",""
"https://www.rougier-ple.fr/promotions2.r.html?f=att_628:9862","1","Promotions chez Rougier & Plé","29","275","Non indexable","Canonisé"
"https://www.rougier-ple.fr/boite-pastels.r.html","1","Boite pastels : coffrets de pastels et boites de rangement pour pastel sur Rougier&Plé","86","754","Indexable",""
"https://www.rougier-ple.fr/accessoire-beaux-arts.r.html","1","Accessoire Beaux-Arts","21","201","Indexable",""
"https://www.rougier-ple.fr/encre-1735.r.html","1","Encre de Chine - Encre art graphique","36","320","Indexable",""
"https://www.rougier-ple.fr/coloriage-adulte.r.html","1","Coloriage Adulte sur Rougier&Plé","32","294","Indexable",""
"https://www.rougier-ple.fr/peinture-deco.r.html","1","Home Déco - Peinture décorative et objets à customiser | Rougier&Plé","68","616","Indexable",""
"https://www.rougier-ple.fr/fournitures-de-bureau.r.html","1","Fournitures de bureau variées Articles de papeterie pas chers Chez Rougier&Plé","78","703","Indexable",""
"https://www.rougier-ple.fr/newsletter.r.html","1","Rougier & Plé – Inscription à la newsletter","43","369","Indexable",""
"https://www.rougier-ple.fr/cutter-ciseaux-lame.r.html","1","Cutter, Ciseaux, Lame","21","192","Indexable",""
"https://www.rougier-ple.fr/chambre-enfant-deco.r.html","1","Décoration chambre enfant DIY | Rougier&Plé","43","401","Indexable",""
"https://www.rougier-ple.fr/enfant-masque-deguisement.r.html","1","Masques à personnaliser, Déguisements pour enfant | Rougier&Plé<br type=""_moz"" />","81","590","Indexable",""
"https://www.rougier-ple.fr/feuilles-dorer.r.html","1","Feuilles à dorer","16","135","Indexable",""
"https://www.rougier-ple.fr/mentions-legales.r.html","1","Mentions Légales - Rougier & Plé","32","291","Indexable",""
"https://www.rougier-ple.fr/promotions2.r.html","1","Promotions chez Rougier & Plé","29","275","Indexable",""
"https://www.rougier-ple.fr/crayon-de-couleur-1590.r.html","1","Crayons de couleur - Toutes les couleurs possibles","50","450","Indexable",""
"https://www.rougier-ple.fr/la-livraison.r.html","1","La livraison - Rougier & Plé","28","235","Indexable",""
"https://www.rougier-ple.fr/maquettisme.r.html","1","Materiel maquettisme pas cher - Matériel modelisme- Rougier&Plé","63","585","Indexable",""
"https://www.rougier-ple.fr/papeterie-scolaire-familiale.r.html","1","Papeterie scolaire et familiale chez Rougier & Plé","50","431","Indexable",""
"https://www.rougier-ple.fr/carte-enveloppe-papier.r.html","1","Carte, Enveloppe - achat en ligne pas cher","42","367","Indexable",""
"https://www.rougier-ple.fr/papeterie/lives.r.html","1","Livres Créatifs - Arts, Loisirs Créatifs, Coloriage | Rougier&Plé","65","539","Indexable",""
"https://www.rougier-ple.fr/papier-decoratif-papier-decopatch.r.html","1","Papier décoratif - Rougier & Plé","32","274","Indexable",""
"https://www.rougier-ple.fr/librairie-beaux-arts-loisirs-creatifs.r.html","1","Librairie chez Rougier & Plé","28","241","Indexable",""
"https://www.rougier-ple.fr/enfant-maquette-construction.r.html","1","Jeux de construction et maquettes pour les enfants sur Rougier et Plé","69","616","Indexable",""
"https://www.rougier-ple.fr/carcasse-abat-jour-polyphane.r.html","1","Carcasse d'abat-jour, Polyphane","31","284","Indexable",""
"https://www.rougier-ple.fr/normographe.r.html","1","Normographe sur Rougier&Plé","27","270","Indexable",""
"https://www.rougier-ple.fr/carton-plume-carton-mousse-carton-gris-carton-bois.r.html","1","Carton plume, Carton mousse, Carton gris, Carton bois","53","484","Indexable",""
"https://www.rougier-ple.fr/adhesif.r.html","1","Adhésif et Ruban adhésif - Rougier & Plé","40","355","Indexable",""
"https://www.rougier-ple.fr/protection-donnees-personnelles-privee.r.html","1","Protection des données personnelles  - Rougier & Plé","52","462","Indexable",""
"https://www.rougier-ple.fr/fetes-maquillage.r.html","1","DIY Fête, Anniversaire des enfants sur Rougier & Plé","52","458","Indexable",""
"https://www.rougier-ple.fr/modelage-pate-modeler.r.html","1","Modelage enfant, Moulage enfant sur Rougier & Plé<br />","55","454","Indexable",""
"https://www.rougier-ple.fr/enfant-objet-decorer.r.html","1","Objet en bois, Objet en papier mâché, Objet polystyrène | Rougier&Plé","69","608","Indexable",""
"https://www.rougier-ple.fr/enfant-customisation.r.html","1","Customisation DIY enfants sur Rougier & Plé","43","394","Indexable",""
"https://www.rougier-ple.fr/papier-kraft-2998.r.html","1","Papier kraft sur Rougier&Plé","28","249","Indexable",""
"https://www.rougier-ple.fr/resine.r.html","1","Résine de moulage sur Rougier & plé","35","323","Indexable",""
"https://www.rougier-ple.fr/dessin-artistique.r.html","1","Matériel dessin artistique - Vente crayon pas cher - Rougier & Plé","66","569","Non indexable","Canonisé"
"https://www.rougier-ple.fr/encadrement.r.html","1","Encadrement d'art loisir - Encadrement tableau - Rougier & Plé","62","546","Non indexable","Canonisé"
"https://www.rougier-ple.fr/origami-kirigami-quilling-pliage-papier.r.html","1","Art du papier - Origami - Pliage - Papier Créatif | Rougier & Plé<br type=""_moz"" />","83","537","Non indexable","Canonisé"
"https://www.rougier-ple.fr/bd-manga-illustration.r.html","1","Matériel de dessin pour la réalisation de Bande-dessinée Manga Comics et Illustrations","86","768","Indexable",""
"https://www.rougier-ple.fr/tissu-feutrine-chenille.r.html","1","Tissu, feutrine, laine, chenille","32","253","Indexable",""
"https://www.rougier-ple.fr/origami-1599.r.html","1","Papier origami, Paper craft, Paper toys, Papier crépon | Rougier&Plé","68","595","Indexable",""
"https://www.rougier-ple.fr/puzzle.r.html","1","Puzzle adulte sur Rougier&Plé","29","266","Indexable",""
"https://www.rougier-ple.fr/moulage.r.html","1","Materiel moulage pas cher - Vente outils moulage - Rougier&Plé","62","562","Indexable",""
"https://www.rougier-ple.fr/pate-modeler-art-professionnelle.r.html","1","Retrouvez chez Rougier&Plé une grande variété de produits de modelage destinées aux artistes<br />","98","840","Indexable",""
"https://www.rougier-ple.fr/mini-toile-avec-chevalet-de-presentation-6-8-cm-rougier-ple.r.html","1","Mini-toile en coton avec chevalet de présentation 6 x 8 cm - Rougier&Plé Rougier&Plé chez Rougier & Plé","103","919","Indexable",""
"https://www.rougier-ple.fr/toile-polyester-grain-fin.r.html","1","Toile enduite en Polyester grain fin au mètre Hauteur 2,10 m - Talens Talens chez Rougier & Plé","95","839","Indexable",""
"https://www.rougier-ple.fr/toile-enduite-en-coton-au-metre-hauteur-2-10-m.r.html","1","Toile enduite en Coton au mètre Hauteur 2,10 m - Talens Talens chez Rougier & Plé","81","732","Indexable",""
"https://www.rougier-ple.fr/toile-coton-rouleau-de-1-8-5-m.r.html","1","Rouleau de toile en Coton 1,8 x 5 m - Rougier&Plé Rougier&Plé chez Rougier & Plé","80","719","Indexable",""
"https://www.rougier-ple.fr/toile-polycoton-rouleau-1-8-5-m.r.html","1","Rouleau de toile en Polycoton 1,8 x 5 m - Rougier&Plé Rougier&Plé chez Rougier & Plé","84","755","Indexable",""
"https://www.rougier-ple.fr/toile-enduite-en-lin-au-metre-hauteur-2-10-m.r.html","1","Toile enduite en Lin au mètre Hauteur 2,10 m - Talens Talens chez Rougier & Plé","79","705","Indexable",""
"https://www.rougier-ple.fr/rouleau-de-toile-fine-en-coton-synthetique-10-1-5-m.r.html","1","Toile fine en coton synthétique au mètre Hauteur 1,5 m - Lefranc Bourgeois Lefranc Bourgeois chez Rougier & Plé","111","1000","Indexable",""
"https://www.rougier-ple.fr/rouleau-de-toile-fine-en-coton-synthetique-10-1-m.r.html","1","Toile fine en coton synthétique au mètre Hauteur 1 m - Lefranc Bourgeois Lefranc Bourgeois chez Rougier & Plé","109","984","Indexable",""
"https://www.rougier-ple.fr/cles-de-tension-pour-chassis-10-pcs.r.html","1","Clés de tension pour châssis 10 pcs - Rougier&Plé Rougier&Plé chez Rougier & Plé","80","726","Indexable",""
"https://www.rougier-ple.fr/entretoise-pour-chassis.r.html","1","Entretoise pour châssis sur mesure - Rougier&Plé Rougier&Plé chez Rougier & Plé","79","721","Indexable",""
"https://www.rougier-ple.fr/baguette-pour-chassis.r.html","1","Baguette pour châssis sur mesure - Rougier&Plé Rougier&Plé chez Rougier & Plé","77","710","Indexable",""
"https://www.rougier-ple.fr/marteau-pane-plate-16-mm.r.html","1","Marteau pane plate 16 mm - CiviC CiviC chez Rougier & Plé","57","519","Indexable",""
"https://www.rougier-ple.fr/pave-aquarellable-4.45-5-cm.r.html","1","Pavé aquarellable 4.45 x 5 cm - Art Graf Art Graf chez Rougier & Plé","68","592","Indexable",""
"https://www.rougier-ple.fr/ardoise-blanche-1-face-quadrillee-seyes-18-5-26-cm.r.html","1","Ardoise blanche 1 face quadrillée séyès 18,5 x 26 cm - Wonday Wonday chez Rougier & Plé","87","801","Indexable",""
"https://www.rougier-ple.fr/ardoise-blanche-pour-marqueurs-18.5-26-cm.r.html","1","Ardoise blanche pour marqueurs 18.5 x 26 cm - Wonday Wonday chez Rougier & Plé","78","742","Indexable",""
"https://www.rougier-ple.fr/craie-auto-effacable-pour-tissus-sombres.r.html","1","Craie auto effaçable pour tissus sombres - Rayher Rayher chez Rougier & Plé","75","678","Indexable",""
"https://www.rougier-ple.fr/tableau-double-face-ardoise/magnetique.r.html","1","Tableau double face Ardoise/Magnétique - JADE JADE chez Rougier & Plé","69","654","Indexable",""
"https://www.rougier-ple.fr/bte-10-craies-anti-poussiere-blanches.r.html","1","Craies anti-poussière boîte de 10 blanches - Wonday Wonday chez Rougier & Plé","77","709","Indexable",""
"https://www.rougier-ple.fr/ardoise-naturelle-18-26-cm-cadre-bois.r.html","1","Ardoise naturelle 18 x 26 cm cadre bois - Wonday Wonday chez Rougier & Plé","74","683","Indexable",""
"https://www.rougier-ple.fr/craie-auto-effacable-pour-tissus-clairs.r.html","1","Craie auto effaçable pour tissus clairs - Rayher Rayher chez Rougier & Plé","74","647","Indexable",""
"https://www.rougier-ple.fr/ardoise-velleda-19x26cm-avec-feutre-et-eponge.r.html","1","Ardoise Velleda 19x26cm avec feutre et éponge - Bic Bic chez Rougier & Plé","74","666","Indexable",""
"https://www.rougier-ple.fr/bte-10-craies-anti-poussiere-assort.r.html","1","Craies anti-poussière boîte de 10 couleurs assorties - Wonday Wonday chez Rougier & Plé","87","792","Indexable",""
"https://www.rougier-ple.fr/medium-peindre-vibert-250ml.r.html","1","Médium à peindre Vibert 250ml - Lefranc Bourgeois Lefranc Bourgeois chez Rougier & Plé","86","792","Indexable",""
"https://www.rougier-ple.fr/medium-peindre-vibert-75ml.r.html","1","Médium à peindre Vibert 75ml - Lefranc Bourgeois Lefranc Bourgeois chez Rougier & Plé","85","781","Indexable",""
"https://www.rougier-ple.fr/vernis-anti-uv-mat-250-ml.r.html","1","Vernis anti-UV mat 250 ml - Lefranc Bourgeois Lefranc Bourgeois chez Rougier & Plé","82","746","Indexable",""
"https://www.rougier-ple.fr/huile-de-lin-clarifiee-250ml.r.html","1","Huile de lin clarifiée 250ml - Lefranc Bourgeois Lefranc Bourgeois chez Rougier & Plé","85","748","Indexable",""
"https://www.rougier-ple.fr/liquide-nettoyer-les-brosses-75-ml.r.html","1","Liquide à nettoyer les brosses 75 ml - Lefranc Bourgeois Lefranc Bourgeois chez Rougier & Plé","93","833","Indexable",""
"https://www.rougier-ple.fr/essence-de-terebenthine-250ml.r.html","1","Essence de térébenthine 250ml - Lefranc Bourgeois Lefranc Bourgeois chez Rougier & Plé","86","792","Indexable",""
"https://www.rougier-ple.fr/medium-huile-uf-75ml.r.html","1","Médium huile à l'oeuf 75ml - Lefranc Bourgeois Lefranc Bourgeois chez Rougier & Plé","83","753","Indexable",""
"https://www.rougier-ple.fr/essence-sans-odeur-250-ml.r.html","1","Essence sans odeur 250 ml - Lefranc Bourgeois Lefranc Bourgeois chez Rougier & Plé","82","758","Indexable",""
"https://www.rougier-ple.fr/huile-cuite-standolie-brillant-lb-250-ml.r.html","1","Huile cuite standolie brillant LB 250 ml - Lefranc Bourgeois Lefranc Bourgeois chez Rougier & Plé","97","854","Indexable",""
"https://www.rougier-ple.fr/siccatif-pour-huile-flamand-sans-plomb-250ml.r.html","1","Siccatif pour huile Flamand 250ml - Lefranc Bourgeois Lefranc Bourgeois chez Rougier & Plé","90","817","Indexable",""
"https://www.rougier-ple.fr/medium-peindre-mat-lb-75-ml.r.html","1","Médium à peindre mat LB 75 ml - Lefranc Bourgeois Lefranc Bourgeois chez Rougier & Plé","86","796","Indexable",""
"https://www.rougier-ple.fr/additif-vernis-retoucher-viber-75ml.r.html","1","Vernis à retoucher Vibert 75ml - Lefranc Bourgeois Lefranc Bourgeois chez Rougier & Plé","87","784","Indexable",""
"https://www.rougier-ple.fr/medium-alkyde-satine-lb-250-ml.r.html","1","Médium Alkyde satiné LB 250 ml - Lefranc Bourgeois Lefranc Bourgeois chez Rougier & Plé","87","804","Indexable",""
"https://www.rougier-ple.fr/essence-sans-odeur-1-l.r.html","1","Essence sans odeur 1 L - Lefranc Bourgeois Lefranc Bourgeois chez Rougier & Plé","79","724","Indexable",""
"https://www.rougier-ple.fr/huile-cuite-standolie-75-ml.r.html","1","Huile cuite Standolie 75 ml - Lefranc Bourgeois Lefranc Bourgeois chez Rougier & Plé","84","751","Indexable",""
"https://www.rougier-ple.fr/essence-aspic-75ml.r.html","1","Essence d'aspic 75ml - Lefranc Bourgeois Lefranc Bourgeois chez Rougier & Plé","77","706","Indexable",""
"https://www.rougier-ple.fr/essence-de-terebenthine-1l.r.html","1","Essence de térébenthine 1L - Lefranc Bourgeois Lefranc Bourgeois chez Rougier & Plé","83","758","Indexable",""
"https://www.rougier-ple.fr/medium-peindre-incolore-75ml.r.html","1","Médium à peindre incolore 75ml - Lefranc Bourgeois Lefranc Bourgeois chez Rougier & Plé","87","800","Indexable",""
"https://www.rougier-ple.fr/huile-de-lin-clarifiee-1-l.r.html","1","Huile de lin clarifiée 1 L - Lefranc Bourgeois Lefranc Bourgeois chez Rougier & Plé","83","719","Indexable",""
"https://www.rougier-ple.fr/medium-peindre-incolore-1-l.r.html","1","Médium à peindre incolore 1 L - Lefranc Bourgeois Lefranc Bourgeois chez Rougier & Plé","86","782","Indexable",""
"https://www.rougier-ple.fr/huile-oeillette-250-ml.r.html","1","Huile d'oeillette 250 ml - Lefranc Bourgeois Lefranc Bourgeois chez Rougier & Plé","81","716","Indexable",""
"https://www.rougier-ple.fr/beaux-arts/peinture.r.html","1","Peinture pour les Beaux-Arts : Peinture acrylique, Peinture aquarelle, Peinture à l'huile et Gouache ","101","854","Indexable",""
"https://www.rougier-ple.fr/vernis-anti-uv-mat-75-ml.r.html","1","Vernis anti-UV mat 75 ml - Lefranc Bourgeois Lefranc Bourgeois chez Rougier & Plé","81","734","Indexable",""
"https://www.rougier-ple.fr/bien-etre.r.html","1","Produits de beauté et de bien-être à confectionner soi-même","59","534","Indexable",""
"https://www.rougier-ple.fr/medium-peindre-alkiyde-lb-qualite-beaux-arts-satine.r.html","1","Médium à peindre Alkiyde LB Qualité Beaux-arts satiné 75 ml - Lefranc Bourgeois Lefranc Bourgeois chez Rougier & Plé","116","1050","Indexable",""
"https://www.rougier-ple.fr/essence-de-petrole-1l.r.html","1","Essence de pétrole 1l - Lefranc Bourgeois Lefranc Bourgeois chez Rougier & Plé","78","703","Indexable",""
"https://www.rougier-ple.fr/huile-de-carthame-75-ml.r.html","1","Huile de carthame brillant 75 ml - Lefranc Bourgeois Lefranc Bourgeois chez Rougier & Plé","89","796","Indexable",""
"https://www.rougier-ple.fr/medium-peindre-incolore-250ml.r.html","1","Médium à peindre incolore 250ml - Lefranc Bourgeois Lefranc Bourgeois chez Rougier & Plé","88","811","Indexable",""
"https://www.rougier-ple.fr/essence-de-terebenthine-75ml.r.html","1","Essence de térébenthine 75ml - Lefranc Bourgeois Lefranc Bourgeois chez Rougier & Plé","85","781","Indexable",""
"https://www.rougier-ple.fr/vernis-anti-uv-satine-250-ml.r.html","1","Vernis anti-UV satiné 250 ml - Lefranc Bourgeois Lefranc Bourgeois chez Rougier & Plé","85","765","Indexable",""
"https://www.rougier-ple.fr/huie-oeillette-75-ml.r.html","1","Huie d'oeillette 75 ml - Lefranc Bourgeois Lefranc Bourgeois chez Rougier & Plé","79","700","Indexable",""
"https://www.rougier-ple.fr/carnet-de-voyages.r.html","1","Carnet de voyages, trip book chez rougier & plé","47","414","Indexable",""
"https://www.rougier-ple.fr/siccatif-pour-huile-flamand-sans-plomb-75ml.r.html","1","Siccatif pour huile Flamand 75ml - Lefranc Bourgeois Lefranc Bourgeois chez Rougier & Plé","89","806","Indexable",""
"https://www.rougier-ple.fr/essence-de-petrole-250ml.r.html","1","Essence de pétrole 250ml - Lefranc Bourgeois Lefranc Bourgeois chez Rougier & Plé","81","743","Indexable",""
"https://www.rougier-ple.fr/essence-de-petrole-75ml.r.html","1","Essence de pétrole 75ml - Lefranc Bourgeois Lefranc Bourgeois chez Rougier & Plé","80","732","Indexable",""
"https://www.rougier-ple.fr/essence-sans-odeur-75-ml.r.html","1","Essence sans odeur 75 ml - Lefranc Bourgeois Lefranc Bourgeois chez Rougier & Plé","81","747","Indexable",""
"https://www.rougier-ple.fr/siccatif-de-courtrai-blanc-250-ml.r.html","1","Siccatif de Courtrai blanc 250 ml - Lefranc Bourgeois Lefranc Bourgeois chez Rougier & Plé","90","803","Indexable",""
"https://www.rougier-ple.fr/huile-de-lin-clarifiee-75ml.r.html","1","Huile de lin clarifiée 75ml - Lefranc Bourgeois Lefranc Bourgeois chez Rougier & Plé","84","737","Indexable",""
"https://www.rougier-ple.fr/peinture-cuir-setacolor-45-ml-effet-duochrome.r.html","1","Peinture Cuir Setacolor 45 ml Effet Duochrome - Pébéo Pébéo chez Rougier & Plé","78","717","Indexable",""
"https://www.rougier-ple.fr/peinture-cuir-setacolor-coffret-initiation.r.html","1","Peinture Cuir Setacolor Coffret d'initiation - Pébéo Pébéo chez Rougier & Plé","77","670","Indexable",""
"https://www.rougier-ple.fr/peinture-cuir-setacolor-45-ml-effet-metal.r.html","1","Peinture Cuir Setacolor 45 ml Effet Métal - Pébéo Pébéo chez Rougier & Plé","74","663","Indexable",""
"https://www.rougier-ple.fr/peinture-cuir-setacolor-45-ml-effet-phosphorescent.r.html","1","Peinture Cuir Setacolor 45 ml Effet Phosphorescent - Pébéo Pébéo chez Rougier & Plé","83","759","Indexable",""
"https://www.rougier-ple.fr/peinture-cuir-setacolor-coffret-selection.r.html","1","Peinture Cuir Setacolor Coffret Sélection - Pébéo Pébéo chez Rougier & Plé","74","661","Indexable",""
"https://www.rougier-ple.fr/teinture-soie-tie-dye-3-85-ml-kit-bleu.r.html","1","Teinture Soie Tie & Dye 3 x 85 ml Kit Bleu - Artcreation Artcreation chez Rougier & Plé","87","749","Indexable",""
"https://www.rougier-ple.fr/peinture-textile-opaque-pebeo-250ml.r.html","1","Peinture textile opaque Sétacolor 250ml - Pébéo Pébéo chez Rougier & Plé","72","656","Indexable",""
"https://www.rougier-ple.fr/peinture-cuir-setacolor-45-ml-effet-paillette.r.html","1","Peinture Cuir Setacolor 45 ml Effet Paillette - Pébéo Pébéo chez Rougier & Plé","78","684","Indexable",""
"https://www.rougier-ple.fr/peinture-textile-trsp-pebeo-45ml.r.html","1","Peinture textile transparent 45ml - Pébéo Pébéo chez Rougier & Plé","66","592","Indexable",""
"https://www.rougier-ple.fr/peinture-pour-le-cuir-25-ml.r.html","1","Peinture pour le cuir 25 ml - Rico Design Rico Design chez Rougier & Plé","72","632","Indexable",""
"https://www.rougier-ple.fr/aerosol-peinture-acrylique-textildesign-150-ml.r.html","1","Aérosol peinture acrylique TextilDesign 150 ml - Marabu Marabu chez Rougier & Plé","81","738","Indexable",""
"https://www.rougier-ple.fr/peinture-cuir-setacolor-45-ml-mat-satine.r.html","1","Peinture Cuir Setacolor 45 ml Mat-Satiné - Pébéo Pébéo chez Rougier & Plé","73","662","Indexable",""
"https://www.rougier-ple.fr/teinture-soie-tie-dye-3-85-ml-kit-noir.r.html","1","Teinture Soie Tie & Dye 3 x 85 ml Kit Noir - Artcreation Artcreation chez Rougier & Plé","87","748","Indexable",""
"https://www.rougier-ple.fr/peinture-textile-en-spray-7a-100-ml.r.html","1","Peinture textile en Spray 7A 100 ml - Pébéo Pébéo chez Rougier & Plé","68","611","Indexable",""
"https://www.rougier-ple.fr/peinture-cuir-setacolor-45-ml-effet-fluorescent.r.html","1","Peinture Cuir Setacolor 45 ml Effet Fluorescent - Pébéo Pébéo chez Rougier & Plé","80","718","Indexable",""
"https://www.rougier-ple.fr/teinture-soie-tie-dye-3-85-ml-kit-rose.r.html","1","Teinture Soie Tie & Dye 3 x 85 ml Kit Rose - Artcreation Artcreation chez Rougier & Plé","87","755","Indexable",""
"https://www.rougier-ple.fr/peinture-textile-opaque-pebeo-45ml.r.html","1","Peinture textile opaque Setacolor 45ml - Pébéo Pébéo chez Rougier & Plé","71","645","Indexable",""
