"Adresse","Nombre de mots","Nombre de phrases","Moyenne de mots par phrase","Score de lisibilité de Flesch","Lisibilité","Quasi-doublon le plus proche","Nombre de quasi-doublons","Adresse sémantiquement similaire la plus proche","Score de similarité sémantique","Nbre sémantiquement similaires","Score de pertinence sémantique","Total des erreurs de langue","Erreurs d'orthographe","Erreurs de grammaire","Language","Hachage","Indexabilité","Statut d'indexabilité"
"https://www.promovacances.com/","1297","329","3,942","95,861","Très facile","","","","","","","","","","fr","80d53247e33faea1c6e80b0ad8ab2bed","Indexable",""
"https://www.promovacances.com/destinations/vacances-et-sejours/vacances-en-famille/theme,28/","2652","540","4,911","83,531","Facile","","","","","","","","","","fr","97a9f5f02e53e326a801f773638f12e5","Indexable",""
"https://www.promovacances.com/information/","132","28","4,714","55,282","Assez difficile","","","","","","","","","","fr","5a232457b6712f7d3ca96e3b7b3aed48","Indexable",""
"https://www.promovacances.com/vacances-sejour-hotel/voyage-italie/","2923","644","4,539","86,138","Facile","","","","","","","","","","fr","7589da28d303a712f22aadc5599d58c4","Indexable",""
"https://www.promovacances.com/idees-vacances/vacances-disney/","688","103","6,680","75,246","Assez facile","","","","","","","","","","fr","e58d343ef58ade90ccda82312941c758","Indexable",""
"https://www.promovacances.com/vacances/circuit-touristique/sejour-circuit-maroc/theme,/pays,149/ville,/","2400","581","4,131","89,067","Facile","","","","","","","","","","fr","6cccacb7953bad97cd94a9d4f1ac9ecf","Indexable",""
"https://www.promovacances.com/vacances-sejour-hotel/voyage-hotel-dubai-city/dubai-et-emirats-emirats-arabes-unis/","3123","690","4,526","89,116","Facile","","","","","","","","","","fr","4851bc5eeb6298a7c576ddecae8cf170","Indexable",""
"https://www.promovacances.com/hotel-sagitario-princesa-playa/minorque-ciutadella-47475.html","3423","573","5,974","74,625","Assez facile","","","","","","","","","","fr","1acab62ddcfdafb770ab7836797df0e8","Indexable",""
"https://www.promovacances.com/france/campings-france/","3177","677","4,693","78,860","Assez facile","","","","","","","","","","fr","606d2cdc338a0b3ab7ca4caa726b235b","Indexable",""
"https://www.promovacances.com/voyage-pas-cher/vacances-pas-chers/","981","174","5,638","89,434","Facile","","","","","","","","","","fr","490d6423436cdf3bb5efa67032e0bbea","Indexable",""
"https://www.promovacances.com/idees-vacances/offres-croisieres-iles-grenadines/","711","112","6,348","59,986","Assez difficile","","","","","","","","","","fr","48a8173460a00525aa8cc20874b3fd57","Indexable",""
"https://www.promovacances.com/vacances/circuit-touristique/sejour-circuit-mexique/theme,/pays,153/ville,/","2559","612","4,181","90,287","Très facile","","","","","","","","","","fr","ce57008b12a797173feee66d6958600f","Indexable",""
"https://www.promovacances.com/vacances-sejour-hotel/voyage-tanzanie/","2610","595","4,387","91,754","Très facile","","","","","","","","","","fr","4ee0ccaaed35fab1b4e836bde1aecdba","Indexable",""
"https://www.promovacances.com/croisiere-egypte/gloire-des-pharaons-79859.html","5373","860","6,248","74,688","Assez facile","","","","","","","","","","fr","58c1895046d85c17d09402eb5dae9679","Indexable",""
"https://www.promovacances.com/hotel-jumbo-riu-lupita/mexique-playa-del-carmen-61611.html","6250","1022","6,115","77,193","Assez facile","","","","","","","","","","fr","5b1ef8a6acbc51bc01f7f61653fd8c16","Indexable",""
"https://www.promovacances.com/hotel-ramada-attica-riviera/grece-vravrona-59188.html","5922","929","6,375","79,550","Assez facile","","","","","","","","","","fr","5e29c6bdf2c48ba023fd2cbeed2b64ce","Indexable",""
"https://www.promovacances.com/vacances-sejour-hotel/voyage-egypte/","4457","902","4,941","86,546","Facile","","","","","","","","","","fr","92da932ac1f737adbd8df438d39b9100","Indexable",""
"https://www.promovacances.com/vacances-sejour-hotel/voyage-oman/","2439","613","3,979","97,419","Très facile","","","","","","","","","","fr","d89ae113abf5bcff1292f1711cc37838","Indexable",""
"https://www.promovacances.com/vacances/circuit-touristique/sejour-circuit-egypte/theme,/pays,62/ville,/","2217","560","3,959","96,733","Très facile","","","","","","","","","","fr","b3421a1f3ae709bd4de77fe4ba8ffef2","Indexable",""
"https://www.promovacances.com/vacances-sejour-hotel/voyage-bali/indonesie/","1818","488","3,725","97,327","Très facile","","","","","","","","","","fr","b26da7e656f57bfeb2adb2bbc6850515","Indexable",""
"https://www.promovacances.com/destinations/week-end-pas-cher/sejour-week-end/theme,/","1008","335","3,009","100,000","Très facile","","","","","","","","","","fr","a2df12edf3005a2ead8c218ec1d1a830","Indexable",""
"https://www.promovacances.com/vacances-sejour-hotel/voyage-madere/","3075","703","4,374","93,199","Très facile","","","","","","","","","","fr","311b9147dc64a1e6d42794f7219f773c","Indexable",""
"https://www.promovacances.com/vacances-sejour-hotel/voyage-ile-maurice/","2983","685","4,355","97,821","Très facile","","","","","","","","","","fr","a7f036bbb2231b0766b1af23218f523","Indexable",""
"https://www.promovacances.com/vacances-sejour-hotel/voyage-portugal/","3012","697","4,321","91,222","Très facile","","","","","","","","","","fr","c75f43f1b9c291c9f781c3f254334e69","Indexable",""
"https://www.promovacances.com/vacances-sejour-hotel/voyage-grece/","3446","676","5,098","86,152","Facile","","","","","","","","","","fr","5e813f26f40043bf83bb58437514797f","Non indexable","noindex"
"https://www.promovacances.com/circuit-thailande/essentiels-de-la-thailande-62681.html","4666","763","6,115","78,025","Assez facile","","","","","","","","","","fr","7869497df5425dc344a513a43dbb9f45","Indexable",""
"https://www.promovacances.com/accueil/ski/","629","129","4,876","71,960","Assez facile","","","","","","","","","","fr","97693c20d92b88f5da0f87f3f8a1e9f9","Indexable",""
"https://www.promovacances.com/france/club-le-village-des-isles-haute-corse-taglio-48641.html","2703","428","6,315","79,112","Assez facile","","","","","","","","","","fr","2f6749fcfc425d8113fa4ebca084e886","Indexable",""
"https://www.promovacances.com/vacances-sejour-hotel/voyage-sardaigne/italie/","3235","728","4,444","86,238","Facile","","","","","","","","","","fr","9f6059e5bf9f9019dfa40f51a48363d4","Indexable",""
"https://www.promovacances.com/vacances-sejour-hotel/voyage-sri-lanka/","3132","702","4,462","91,694","Très facile","","","","","","","","","","fr","a52e913e33f430331febe32af3a8a2b1","Indexable",""
"https://www.promovacances.com/idees-vacances/partir/vacances-avril/","1729","266","6,500","65,582","Normal","","","","","","","","","","fr","93f2985bfc2063a9d2f2ca692c11db61","Indexable",""
"https://www.promovacances.com/hotel-framissima-elion-seaside-resort/grece-vassilikos-74259.html","4936","752","6,564","79,014","Assez facile","","","","","","","","","","fr","14fbdb618cc247a95a5767dd3594ecd1","Indexable",""
"https://www.promovacances.com/circuit-corse/decouverte-dexception-propriano-les-pieds-dans-leau-au-belambra-arena-bianca-79798.html","2617","385","6,797","73,957","Assez facile","","","","","","","","","","fr","dd12474dd24e2c81363934ec9f405b6f","Indexable",""
"https://www.promovacances.com/vacances-sejour-hotel/voyage-malte/","2731","674","4,052","100,000","Très facile","","","","","","","","","","fr","17581bf8116cfb34242c7450630b96e1","Indexable",""
"https://www.promovacances.com/vacances/circuit-touristique/sejour-circuit-canada/theme,/pays,37/ville,/","2763","623","4,435","87,329","Facile","","","","","","","","","","fr","80aecce00d8113b905f485e261e0e3b1","Indexable",""
"https://www.promovacances.com/accueil/france/","1090","182","5,989","83,170","Facile","","","","","","","","","","fr","b513b3288a6a3c6f2c2aaca51ba56e1a","Indexable",""
"https://www.promovacances.com/vacances/circuit-touristique/sejour-circuit-inde/theme,/pays,118/ville,/","5376","939","5,725","79,144","Assez facile","","","","","","","","","","fr","fb90381711ba39f7d3b811ccd3481ebf","Indexable",""
"https://www.promovacances.com/hotel-jumbo-hammamet-beach/tunisie-hammamet-53550.html","5172","879","5,884","80,587","Facile","","","","","","","","","","fr","a947444a8f758874592f1bcd93dd2455","Indexable",""
"https://www.promovacances.com/vacances/circuit-touristique/sejour-circuit-costa-rica/theme,/pays,52/ville,/","2560","534","4,794","87,825","Facile","","","","","","","","","","fr","191441a5c76faccfbf3b270189389cd7","Indexable",""
"https://www.promovacances.com/vacances-sejour-hotel/voyage-baleares/espagne/","2984","687","4,344","90,609","Très facile","","","","","","","","","","fr","4f3a474a4f9bf037077f9872a645c9bd","Indexable",""
"https://www.promovacances.com/hotel-jumbo-petit-village-proche-palmariva/grece-eretria-75582.html","5725","887","6,454","77,647","Assez facile","","","","","","","","","","fr","b9c251f6e97a547a1acb1a44ef6463a5","Indexable",""
"https://www.promovacances.com/vacances-sejour-hotel/voyage-japon/","2423","561","4,319","93,934","Très facile","","","","","","","","","","fr","57600549e0d85b290cfcd9e4f6a3dd47","Indexable",""
"https://www.promovacances.com/vacances-sejour-hotel/voyage-maldives/","2983","683","4,367","92,022","Très facile","","","","","","","","","","fr","97fa803af093b65d53e52657662cfbd2","Indexable",""
"https://www.promovacances.com/accueil/voyage-tout-compris/","1064","187","5,690","72,888","Assez facile","","","","","","","","","","fr","4d3db0c083e818de96cf8d7e9fd18abd","Indexable",""
"https://www.promovacances.com/vacances/circuit-touristique/sejour-circuit-thailande/theme,/pays,215/ville,/","2548","547","4,658","95,494","Très facile","","","","","","","","","","fr","645c43db4c5eb8909675e5f9f048541e","Indexable",""
"https://www.promovacances.com/vacances-sejour-hotel/voyage-hotel-sicile/sicile-et-italie-du-sud-italie/","3312","704","4,705","84,304","Facile","","","","","","","","","","fr","85a60fe3e837e6615eba6f5e0906afa1","Indexable",""
"https://www.promovacances.com/vacances-sejour-hotel/voyage-thailande/","3066","703","4,361","95,430","Très facile","","","","","","","","","","fr","9d6d38283c3d99ff1562004eff184694","Indexable",""
"https://www.promovacances.com/destinations/sejour-voyage/sejour/theme,/","2921","741","3,942","97,728","Très facile","","","","","","","","","","fr","505eb98afad2530d798ba60d4aa3024b","Indexable",""
"https://www.promovacances.com/accueil/sejour-thalasso/","1164","201","5,791","73,766","Assez facile","","","","","","","","","","fr","d00edd1ac560d5eccea0de2a271b8b7f","Indexable",""
"https://www.promovacances.com/vacances-sejour-hotel/voyage-hotel-martinique/iles-grenadines-antilles/","3218","712","4,520","90,937","Très facile","","","","","","","","","","fr","b90b1e8dff795143e41ed3f9873cbc94","Indexable",""
"https://www.promovacances.com/vacances-sejour-hotel/voyage-croatie-et-cote-dalmate/","2852","614","4,645","92,870","Très facile","","","","","","","","","","fr","82cac4f1ef4b934b97df429609c53d4a","Indexable",""
"https://www.promovacances.com/hotel-framissima-oasis-belorizonte/cap-vert-santa-maria-61514.html","4804","792","6,066","78,357","Assez facile","","","","","","","","","","fr","4a1d7d1ddedc2e10caee9b51f24fb8fb","Indexable",""
"https://www.promovacances.com/mes-favoris/","13","3","4,333","100,000","Très facile","","","","","","","","","","fr","3e43db55959802cdf72f4d38435ffaa0","Non indexable","noindex"
"https://www.promovacances.com/hotel-jumbo-castell-dels-hams/baleares-porto-cristo-61409.html","4890","766","6,384","80,376","Facile","","","","","","","","","","fr","b769e8e423684e0d9c6c4eb29766c49e","Indexable",""
"https://www.promovacances.com/accueil/circuit-touristique/","766","149","5,141","74,827","Assez facile","","","","","","","","","","fr","4b746f87e2a793af5796291f95c4cdef","Indexable",""
"https://www.promovacances.com/vacances-sejour-hotel/voyage-etats-unis/","3128","668","4,683","84,621","Facile","","","","","","","","","","fr","f85e0430025fc4463511dcac956138cf","Indexable",""
"https://www.promovacances.com/vacances-sejour-hotel/voyage-punta-cana/republique-dominicaine/","2989","680","4,396","88,055","Facile","","","","","","","","","","fr","3ac44c69cbf937df8a5f01b22f531b97","Indexable",""
"https://www.promovacances.com/vacances-sejour-hotel/voyage-espagne/","4463","869","5,136","82,579","Facile","","","","","","","","","","fr","a9719e30d634213eaade20813dbe5cfc","Indexable",""
"https://www.promovacances.com/vacances/circuit-touristique/sejour-circuit-senegal/theme,/pays,196/ville,/","2431","570","4,265","95,286","Très facile","","","","","","","","","","fr","b542f70146f9f5c00e17240c337d40df","Indexable",""
"https://www.promovacances.com/vacances-sejour-hotel/voyage-turquie/","3498","775","4,514","87,350","Facile","","","","","","","","","","fr","4836f2d133812a2d88a33dadd0ba46ef","Indexable",""
"https://www.promovacances.com/information/securite-paiement/","180","28","6,429","69,180","Normal","","","","","","","","","","fr","7940cb220903caf6851ed9e6bb26e8c6","Indexable",""
"https://www.promovacances.com/vacances-sejour-hotel/voyage-djerba/tunisie/","2924","696","4,201","94,101","Très facile","","","","","","","","","","fr","f9c81e14c3dde2d3bb77c741fe2f9091","Indexable",""
"https://www.promovacances.com/vacances-sejour-hotel/voyage-maroc/","2559","606","4,223","89,683","Facile","","","","","","","","","","fr","43b6a80c1aa6e0d5024b6f413ba4440e","Indexable",""
"https://www.promovacances.com/vacances/circuit-touristique/sejour-circuit-canaries/theme,/pays,38/ville,/","2337","599","3,902","92,971","Très facile","","","","","","","","","","fr","ddceca00b5d312abe1f5ea42d538120d","Indexable",""
"https://www.promovacances.com/vacances-sejour-hotel/voyage-guadeloupe/antilles/","3159","700","4,513","93,016","Très facile","","","","","","","","","","fr","4f990433e66be770e5cf224ee2b2cf5a","Indexable",""
"https://www.promovacances.com/idees-vacances/vacances-campings/","216","58","3,724","98,480","Très facile","","","","","","","","","","fr","f528bc12930dfca752ad432dff7ae28a","Indexable",""
"https://www.promovacances.com/voyage-de-groupe/","1532","462","3,316","100,000","Très facile","","","","","","","","","","fr","904daaa591f43892faae9e8b820e0ce4","Indexable",""
"https://www.promovacances.com/idees-vacances/ventes-flash/","423","92","4,598","92,968","Très facile","","","","","","","","","","fr","47c7a9796c2c4e36e375b9d1b7bb01b4","Indexable",""
"https://www.promovacances.com/idees-vacances/voyage-toussaint/","1635","244","6,701","74,453","Assez facile","","","","","","","","","","fr","660a629de641772635465d00bfb25985","Indexable",""
"https://www.promovacances.com/vacances-sejour-hotel/voyage-zanzibar/zanzibar/","2619","643","4,073","96,200","Très facile","","","","","","","","","","fr","136489fec6ea5056c18b9e96ceb21c3b","Indexable",""
"https://www.promovacances.com/vacances-sejour-hotel/voyage-antilles/","4258","822","5,180","78,214","Assez facile","","","","","","","","","","fr","fedfff3ba78ab019b07068617b866b8e","Indexable",""
"https://www.promovacances.com/vacances/circuit-touristique/sejour-circuit-sri-lanka/theme,/pays,206/ville,/","2808","610","4,603","90,176","Très facile","","","","","","","","","","fr","2549c01942a70b0cbd87b0e81cd1f1a7","Indexable",""
"https://www.promovacances.com/vacances-sejour-hotel/voyage-tunisie/","3454","761","4,539","88,016","Facile","","","","","","","","","","fr","459a1a0b8b0cfd4dd72c9f08f9771dc2","Indexable",""
"https://www.promovacances.com/vacances-sejour-hotel/voyage-hotel-marrakech/marrakech-villes-imperiales-maroc/","2860","676","4,231","89,810","Facile","","","","","","","","","","fr","5b57fb5b448f2bdb9b3dc1f6a9476bc9","Indexable",""
"https://www.promovacances.com/vacances-sejour-hotel/voyage-hotel-corfou/iles-grecques-grece/","3023","663","4,560","91,105","Très facile","","","","","","","","","","fr","e805cd5d9894b62d0c15181211912e56","Indexable",""
"https://www.promovacances.com/vacances-sejour-hotel/voyage-crete/grece/","3014","632","4,769","95,164","Très facile","","","","","","","","","","fr","de8f89a0622e80e709504c088de74b08","Indexable",""
"https://www.promovacances.com/vacances-sejour-hotel/voyage-afrique-du-sud/","2823","611","4,620","90,005","Très facile","","","","","","","","","","fr","82e7977879cb3b06d0bd2decf0f5fd4f","Indexable",""
"https://www.promovacances.com/circuit-inde/beautes-du-rajasthan-62171.html","4894","779","6,282","76,843","Assez facile","","","","","","","","","","fr","ae92879b876faf13b992511a119eca98","Indexable",""
"https://www.promovacances.com/vacances-sejour-hotel/voyage-cuba/","2964","694","4,271","89,729","Facile","","","","","","","","","","fr","65b714467cdea083bbc727ff916b3f89","Indexable",""
"https://www.promovacances.com/vacances-sejour-hotel/voyage-senegal/","3461","750","4,615","88,267","Facile","","","","","","","","","","fr","190286b2b131d874c97eff8da551d719","Indexable",""
"https://www.promovacances.com/vacances-sejour-hotel/voyage-seychelles/","3100","696","4,454","95,582","Très facile","","","","","","","","","","fr","772eb3db039b754cd24fce39a4d9bac6","Indexable",""
"https://www.promovacances.com/vacances-sejour-hotel/voyage-cap-vert/","3225","712","4,529","94,159","Très facile","","","","","","","","","","fr","46febae8f092e291198e667791ff1559","Indexable",""
"https://www.promovacances.com/qui-sommes-nous/","453","70","6,471","79,810","Assez facile","","","","","","","","","","fr","fbfb7a71e68a04e4ea1847d0f5dfc92d","Indexable",""
"https://www.promovacances.com/vacances-sejour-hotel/voyage-kenya/","2585","577","4,480","89,510","Facile","","","","","","","","","","fr","3329061cac518e363e1d073bb98c8ad7","Indexable",""
"https://www.promovacances.com/accueil/week-end-pas-cher/","919","161","5,708","92,599","Très facile","","","","","","","","","","fr","cc7a98879435741e6b56e2191e4d89f5","Indexable",""
"https://www.promovacances.com/vacances/circuit-touristique/sejour-circuit-cuba/theme,/pays,56/ville,/","2811","600","4,685","89,942","Facile","","","","","","","","","","fr","578f6af1142ea00fcda3d36d7d1f281e","Indexable",""
"https://www.promovacances.com/vol-pas-cher/","1727","309","5,589","87,219","Facile","","","","","","","","","","fr","ceb6d8ce234b62de646025a76687276a","Indexable",""
"https://www.promovacances.com/idees-vacances/offres-coup-de-coeur/","429","119","3,605","100,000","Très facile","","","","","","","","","","fr","40ee5def6de4d6fa8abd8da92d9ac6a8","Indexable",""
"https://www.promovacances.com/vacances-sejour-hotel/voyage-republique-dominicaine/","3130","674","4,644","83,735","Facile","","","","","","","","","","fr","a727e5e1bc3d594afabcba4bf1321e12","Indexable",""
"https://www.promovacances.com/hotel-jumbo-quercus/croatie-drvenik-60089.html","4576","734","6,234","77,933","Assez facile","","","","","","","","","","fr","b27390b0dc81435e824c3f8bf3e91b95","Indexable",""
"https://www.promovacances.com/vacances-sejour-hotel/voyage-canaries/espagne/","3335","721","4,626","86,998","Facile","","","","","","","","","","fr","aa0492113c36b9792a1d5db20c47073a","Indexable",""
"https://www.promovacances.com/accueil/hotel-club-vacances/","1612","263","6,129","80,221","Facile","","","","","","","","","","fr","faf6db2a6a808fc22635813b2f3f494f","Indexable",""
"https://www.promovacances.com/accueil/vacances-au-soleil/","1740","281","6,192","72,143","Assez facile","","","","","","","","","","fr","816a501e2eca0dac90150c0e93c4ce88","Indexable",""
"https://www.promovacances.com/agences-de-voyages/","48","8","6,000","94,995","Très facile","","","","","","","","","","fr","f8422db80e0bcbd817a52fbede183612","Non indexable","noindex"
"https://www.promovacances.com/idees-vacances/week-end-amoureux/","1012","160","6,325","74,100","Assez facile","","","","","","","","","","fr","d699d47f5119a832ab839f63d0f8ee47","Indexable",""
"https://www.promovacances.com/vacances-sejour-hotel/voyage-hotel-majorque/baleares-espagne/","2818","630","4,473","87,824","Facile","","","","","","","","","","fr","df19c8d5e5291ba17f7f5f15d0d440b2","Indexable",""
"https://www.promovacances.com/idees-vacances/black-friday/","421","119","3,538","100,000","Très facile","","","","","","","","","","fr","8d3762dda974106a293cf7d9784c6411","Indexable",""
"https://www.promovacances.com/france/locations-vacances-france/","1899","510","3,724","87,672","Facile","","","","","","","","","","fr","a23dc195f76c95bd630b1ddda3a21bd9","Indexable",""
"https://www.promovacances.com/hotel-plein-vent-selection-coral-costa-caribe-beach-resort/republique-dominicaine-juan-dolio-49778.html","4833","818","5,908","78,953","Assez facile","","","","","","","","","","fr","f747a963bf31e2974b5aaee8a50eaeb","Indexable",""
"https://www.promovacances.com/hotel-framissima-holiday-club-laponie-activites-incluses/finlande-saariselka-59744.html","6904","1078","6,404","75,848","Assez facile","","","","","","","","","","fr","70264acc0b5bc464e468d1eb33ff09f5","Indexable",""
"https://www.promovacances.com/vacances/sejour-2en1/sejour-circuit-2en1/theme,289/pays,/ville,/","1597","409","3,905","100,000","Très facile","","","","","","","","","","fr","8f2c54a7b343ac6202a6578e683cd18","Indexable",""
"https://www.promovacances.com/espace-client/login","84","12","7,000","94,987","Très facile","","","","","","","","","","fr","a4680fb5a32219e96f7dc8efe64c109c","Indexable",""
"https://www.promovacances.com/vacances-sejour-hotel/voyage-bulgarie/","2818","679","4,150","95,657","Très facile","","","","","","","","","","fr","4f5f4a5f8ee0996f7ed1db81bd72b025","Indexable",""
"https://www.promovacances.com/destinations/voyage-derniere-minute/voyage/theme,/","2488","492","5,057","84,017","Facile","","","","","","","","","","fr","fd43f0cddcdfcbbed5333d8be448a9b","Indexable",""
"https://www.promovacances.com/idees-vacances/partir/vacances-printemps/","1344","248","5,419","68,140","Normal","","","","","","","","","","fr","d0aafbb2a0a3980625499c73c2aaeb0","Indexable",""
"https://www.promovacances.com/vacances/vacances-en-famille/vacances-en-famille-sri-lanka/theme,28/pays,206/ville,/","998","273","3,656","100,000","Très facile","","","","","","","","","","fr","1f9263f514a9ad3eed9cba11c443175b","Indexable",""
"https://www.promovacances.com/vacances/vacances-en-famille/vacances-en-famille-panama/theme,28/pays,170/ville,/","653","160","4,081","80,392","Facile","","","","","","","","","","fr","cbc5c6bee254bf46b880df7cdd8b2e86","Indexable",""
"https://www.promovacances.com/vacances/vacances-en-famille/vacances-en-famille-djerba/theme,28/pays,219/ville,714/","1795","515","3,485","100,000","Très facile","","","","","","","","","","fr","12ca668f4ed8f893d20a1c8e795ae40","Indexable",""
"https://www.promovacances.com/vacances/vacances-en-famille/vacances-en-famille-hammamet/theme,28/pays,219/ville,845/","1676","460","3,643","98,346","Très facile","","","","","","","","","","fr","ec59efba23a198d61db54c1e863b59b7","Indexable",""
"https://www.promovacances.com/vacances/vacances-en-famille/vacances-en-famille-baleares/theme,28/pays,19/ville,/","1787","513","3,483","100,000","Très facile","","","","","","","","","","fr","5bf24091805228f2792c4557be8aac68","Indexable",""
"https://www.promovacances.com/vacances/vacances-en-famille/vacances-en-famille-cap-vert/theme,28/pays,39/ville,/","1894","516","3,671","100,000","Très facile","","","","","","","","","","fr","98eb3fdd109b8136d7c9da8de797a2a1","Indexable",""
"https://www.promovacances.com/vacances/vacances-en-famille/vacances-en-famille-corfou/theme,28/pays,50/ville,/","1687","453","3,724","100,000","Très facile","","","","","","","","","","fr","61194ceaa6ffb35e1e846efab97350ef","Indexable",""
"https://www.promovacances.com/vacances/vacances-en-famille/vacances-en-famille-bulgarie/theme,28/pays,32/ville,/","954","285","3,347","100,000","Très facile","","","","","","","","","","fr","c7662a69f984f1f0d925c1f80ca4eca0","Indexable",""
"https://www.promovacances.com/vacances/vacances-en-famille/vacances-en-famille-bali/theme,28/pays,20/ville,/","1075","288","3,733","100,000","Très facile","","","","","","","","","","fr","abd6d81d3cdeaa4102b0c939f03d62ea","Indexable",""
"https://www.promovacances.com/vacances/vacances-en-famille/vacances-en-famille-ibiza/theme,28/pays,112/ville,/","552","135","4,089","74,559","Assez facile","","","","","","","","","","fr","8c06dce6c18135921a7dc1da9abd492e","Indexable",""
"https://www.promovacances.com/vacances/vacances-en-famille/vacances-en-famille-finlande/theme,28/pays,71/ville,/","504","159","3,170","100,000","Très facile","","","","","","","","","","fr","2ba8e6a788d6808ab54d9f0a239aef41","Indexable",""
"https://www.promovacances.com/vacances/vacances-en-famille/vacances-en-famille-lanzarote/theme,28/pays,235/ville,/","1724","457","3,772","93,674","Très facile","","","","","","","","","","fr","a28b1c69c32d58fe209a04fe0f73c60f","Indexable",""
"https://www.promovacances.com/vacances/vacances-en-famille/vacances-en-famille-essaouira/theme,28/pays,149/ville,248/","586","164","3,573","100,000","Très facile","","","","","","","","","","fr","ad14dc573dbdb06ce547ff744dedc38a","Indexable",""
"https://www.promovacances.com/vacances/vacances-en-famille/vacances-en-famille-senegal/theme,28/pays,196/ville,/","1147","320","3,584","100,000","Très facile","","","","","","","","","","fr","7fbd2ed4cb03ac95d881492662e19b13","Indexable",""
"https://www.promovacances.com/vacances/vacances-en-famille/vacances-en-famille-costa-rica/theme,28/pays,52/ville,/","560","140","4,000","89,471","Facile","","","","","","","","","","fr","264f0828de6bc94d6e45e90eb2523bcc","Indexable",""
"https://www.promovacances.com/vacances/vacances-en-famille/vacances-en-famille-marrakech/theme,28/pays,149/ville,1269/","1775","517","3,433","100,000","Très facile","","","","","","","","","","fr","2392035aba9bc2219271a844b6e41971","Indexable",""
"https://www.promovacances.com/vacances/vacances-en-famille/vacances-en-famille-ras-al-khaimah/theme,28/pays,262/ville,/","734","179","4,101","89,719","Facile","","","","","","","","","","fr","47bc3e71d62ce51ff50e7f60f66abcdf","Indexable",""
"https://www.promovacances.com/vacances/vacances-en-famille/vacances-en-famille-autriche/theme,28/pays,16/ville,/","418","116","3,603","100,000","Très facile","","","","","","","","","","fr","1367de8019dd83b732f17e8576d528b7","Indexable",""
"https://www.promovacances.com/vacances/vacances-en-famille/vacances-en-famille-tunisie/theme,28/pays,219/ville,/","1774","518","3,425","100,000","Très facile","","","","","","","","","","fr","28435ec1639cb9dc97f58be79a4d3809","Indexable",""
"https://www.promovacances.com/vacances/vacances-en-famille/vacances-en-famille-barcelone/theme,28/pays,66/ville,511/","650","189","3,439","100,000","Très facile","","","","","","","","","","fr","85380a69829244aef7c9ddeab16e6639","Indexable",""
"https://www.promovacances.com/vacances/vacances-en-famille/vacances-en-famille-dubai-et-les-emirats/theme,28/pays,258/ville,/","1792","462","3,879","96,959","Très facile","","","","","","","","","","fr","41a254d0b1c89b7ff2de3b27654af8f7","Indexable",""
"https://www.promovacances.com/vacances-sejour-hotel/voyage-floride/etats-unis/","2287","558","4,099","87,964","Facile","","","","","","","","","","fr","233e456714be4353425179315cd34ec3","Indexable",""
"https://www.promovacances.com/vacances/vacances-en-famille/vacances-en-famille-rio/theme,28/pays,31/ville,1290/","742","192","3,865","99,728","Très facile","","","","","","","","","","fr","4a69a83b42814ac42c72d5654f88ec1e","Indexable",""
"https://www.promovacances.com/vacances/vacances-en-famille/vacances-en-famille-fujairah/theme,28/pays,261/ville,/","478","113","4,230","80,951","Facile","","","","","","","","","","fr","2ffa83f8d5774cf1fe78e562e8f1e0bd","Indexable",""
"https://www.promovacances.com/vacances/vacances-en-famille/vacances-en-famille-maldives/theme,28/pays,146/ville,/","1706","505","3,378","100,000","Très facile","","","","","","","","","","fr","788d62e50dd4f04d682ac6091b89e0fc","Indexable",""
"https://www.promovacances.com/vacances/vacances-en-famille/vacances-en-famille-rhodes/theme,28/pays,114/ville,/","1665","455","3,659","97,129","Très facile","","","","","","","","","","fr","a6fd3cc8d993a0253542fcae78360f5","Indexable",""
"https://www.promovacances.com/vacances/vacances-en-famille/vacances-en-famille-iles-grenadines/theme,28/pays,243/ville,/","1019","265","3,845","94,505","Très facile","","","","","","","","","","fr","5422899129b028589d07af99559b3c1f","Indexable",""
"https://www.promovacances.com/vacances/vacances-en-famille/vacances-en-famille-monastir/theme,28/pays,219/ville,1074/","1407","400","3,518","100,000","Très facile","","","","","","","","","","fr","bc22b7e315402fdd293e98cc4883d39c","Indexable",""
"https://www.promovacances.com/vacances/vacances-en-famille/vacances-en-famille-guadeloupe/theme,28/pays,100/ville,/","1849","523","3,535","100,000","Très facile","","","","","","","","","","fr","c41ad40fa9ed362bf89866a8743edd0b","Indexable",""
"https://www.promovacances.com/vacances/vacances-en-famille/vacances-en-famille-madagascar/theme,28/pays,142/ville,/","642","170","3,776","97,450","Très facile","","","","","","","","","","fr","3e421d45c841549e3a1775e7a2067304","Indexable",""
"https://www.promovacances.com/vacances/vacances-en-famille/vacances-en-famille-republique-dominicaine/theme,28/pays,183/ville,/","1864","528","3,530","96,639","Très facile","","","","","","","","","","fr","b5b31bea9a0a5ea441976be18c82dd6d","Indexable",""
"https://www.promovacances.com/vacances/vacances-en-famille/vacances-en-famille-tanzanie/theme,28/pays,213/ville,/","1639","449","3,650","100,000","Très facile","","","","","","","","","","fr","247a2add64040d2c8f34daf1c36cc2f3","Indexable",""
"https://www.promovacances.com/vacances/vacances-en-famille/vacances-en-famille-fuerteventura/theme,28/pays,231/ville,/","1676","478","3,506","98,384","Très facile","","","","","","","","","","fr","5992bc2307a3d363f1cb942a720a4415","Indexable",""
"https://www.promovacances.com/vacances/vacances-en-famille/vacances-en-famille-martinique/theme,28/pays,150/ville,/","1157","325","3,560","100,000","Très facile","","","","","","","","","","fr","788fdafdd9d1f48e75a17c6704596265","Indexable",""
"https://www.promovacances.com/vacances/vacances-en-famille/vacances-en-famille-jamaique/theme,28/pays,126/ville,/","953","286","3,332","100,000","Très facile","","","","","","","","","","fr","49caad4b0100c3f42afe8f85f8ccb4a5","Indexable",""
"https://www.promovacances.com/vacances/vacances-en-famille/vacances-en-famille-egypte/theme,28/pays,62/ville,/","1899","532","3,570","100,000","Très facile","","","","","","","","","","fr","5448bbe4ae2b370c15c85c9387d7a677","Indexable",""
"https://www.promovacances.com/vacances/vacances-en-famille/vacances-en-famille-allemagne/theme,28/pays,5/ville,/","559","169","3,308","100,000","Très facile","","","","","","","","","","fr","8fadf20caf98147aad2c4d99b9ad86b3","Indexable",""
"https://www.promovacances.com/vacances/vacances-en-famille/vacances-en-famille-agadir/theme,28/pays,149/ville,431/","1810","514","3,521","100,000","Très facile","","","","","","","","","","fr","fefd1b76196d4195dd8e0ec034133d34","Indexable",""
"https://www.promovacances.com/vacances/vacances-en-famille/vacances-en-famille-santa-clara/theme,28/pays,56/ville,4882/","530","101","5,248","75,566","Assez facile","","","","","","","","","","fr","75cb7ca61ec8efdb9e67bd479b617491","Indexable",""
"https://www.promovacances.com/vacances/vacances-en-famille/vacances-en-famille-majorque/theme,28/pays,486/ville,/","1676","456","3,675","97,153","Très facile","","","","","","","","","","fr","7ba400e8f7d9f26ddd8a675c76d1ec9c","Indexable",""
"https://www.promovacances.com/vacances/vacances-en-famille/vacances-en-famille-indonesie/theme,28/pays,119/ville,/","1075","289","3,720","100,000","Très facile","","","","","","","","","","fr","b3eeb9183bc3d82495203749aec1158b","Indexable",""
"https://www.promovacances.com/vacances/vacances-en-famille/vacances-en-famille-kenya/theme,28/pays,130/ville,/","1745","425","4,106","99,499","Très facile","","","","","","","","","","fr","c97b7ea2582474b1833300a49246bcc8","Indexable",""
"https://www.promovacances.com/vacances/vacances-en-famille/vacances-en-famille-mexique/theme,28/pays,153/ville,/","1842","521","3,536","100,000","Très facile","","","","","","","","","","fr","bb00a454fe0a3192a05a99ebabb732e3","Indexable",""
"https://www.promovacances.com/vacances/vacances-en-famille/vacances-en-famille-grande-canarie/theme,28/pays,321/ville,/","1713","459","3,732","96,075","Très facile","","","","","","","","","","fr","5179be39a3d26b0c322646720019fef1","Indexable",""
"https://www.promovacances.com/vacances/vacances-en-famille/vacances-en-famille-minorque/theme,28/pays,19/ville,1073/","1794","511","3,511","100,000","Très facile","","","","","","","","","","fr","16fdcf8f29e8b7683b62d9cc77575bf0","Indexable",""
"https://www.promovacances.com/vacances/vacances-en-famille/vacances-en-famille-maroc/theme,28/pays,149/ville,/","1742","510","3,416","100,000","Très facile","","","","","","","","","","fr","17115e1358bcde801aad0befa32b56de","Indexable",""
"https://www.promovacances.com/vacances/vacances-en-famille/vacances-en-famille-vietnam/theme,28/pays,224/ville,/","990","260","3,808","100,000","Très facile","","","","","","","","","","fr","ef30e4e21f48245a6833d122cced2a87","Indexable",""
"https://www.promovacances.com/vacances/vacances-en-famille/vacances-en-famille-madere/theme,28/pays,143/ville,/","1586","457","3,470","100,000","Très facile","","","","","","","","","","fr","dda45a683d0481064909097ab422da01","Indexable",""
"https://www.promovacances.com/vacances/vacances-en-famille/vacances-en-famille-phuket/theme,28/pays,256/ville,/","1747","464","3,765","100,000","Très facile","","","","","","","","","","fr","8e1724993743fe74ff84e484e1c7c471","Indexable",""
"https://www.promovacances.com/vacances/vacances-en-famille/vacances-en-famille-ile-maurice/theme,28/pays,116/ville,/","1800","512","3,516","100,000","Très facile","","","","","","","","","","fr","e55891c75a3746d7cd13942c6c7fafc7","Indexable",""
"https://www.promovacances.com/vacances/vacances-en-famille/vacances-en-famille-izmir/theme,28/pays,220/ville,898/","1691","487","3,472","100,000","Très facile","","","","","","","","","","fr","6b31f3b00c3dc15b023b7e4d33a49b20","Indexable",""
"https://www.promovacances.com/vacances/vacances-en-famille/vacances-en-famille-oman/theme,28/pays,166/ville,/","971","286","3,395","100,000","Très facile","","","","","","","","","","fr","8f82f039246f6d5c413da8de8e178dee","Indexable",""
"https://www.promovacances.com/vacances/vacances-en-famille/vacances-en-famille-tahiti/theme,28/pays,211/ville,/","293","57","5,140","70,820","Assez facile","","","","","","","","","","fr","f20c342bf9e85318d26fedd3b8c47fdc","Indexable",""
"https://www.promovacances.com/vacances/vacances-en-famille/vacances-en-famille-crete/theme,28/pays,54/ville,/","1790","517","3,462","100,000","Très facile","","","","","","","","","","fr","6605de4e1c6498e0a8c7a97999d25603","Indexable",""
"https://www.promovacances.com/vacances/vacances-en-famille/vacances-en-famille-grece/theme,28/pays,97/ville,/","1857","529","3,510","100,000","Très facile","","","","","","","","","","fr","331844601e9f169dc763eb250e277d68","Indexable",""
"https://www.promovacances.com/france/location-vacances-occitanie/","2439","557","4,379","80,607","Facile","","","","","","","","","","fr","b59f8847f09ae8f65fa9e3cfd23d7eea","Indexable",""
"https://www.promovacances.com/vacances/vacances-en-famille/vacances-en-famille-tunis/theme,28/pays,219/ville,1485/","1777","512","3,471","100,000","Très facile","","","","","","","","","","fr","2a3b185e22e74c2ecf973d29e121a875","Indexable",""
"https://www.promovacances.com/france/montagne/location-alpes/","2819","591","4,770","83,692","Facile","","","","","","","","","","fr","f729476aed5485dd1b5d634578229217","Indexable",""
"https://www.promovacances.com/vacances/vacances-en-famille/vacances-en-famille-seville/theme,28/pays,6/ville,1719/","717","184","3,897","80,051","Facile","","","","","","","","","","fr","9ac1b48882f4861269cc848f148636d","Indexable",""
"https://www.promovacances.com/vacances/vacances-en-famille/vacances-en-famille-montenegro/theme,28/pays,156/ville,/","965","257","3,755","90,370","Très facile","","","","","","","","","","fr","7798a50d375ce9bb4f29f1a0c02d924e","Indexable",""
"https://www.promovacances.com/vacances/vacances-en-famille/vacances-en-famille-cuba/theme,28/pays,56/ville,/","984","268","3,672","95,897","Très facile","","","","","","","","","","fr","5b83c47604cdec4c30f4d11932ae5dad","Indexable",""
"https://www.promovacances.com/vacances/vacances-en-famille/vacances-en-famille-thailande/theme,28/pays,215/ville,/","1885","521","3,618","100,000","Très facile","","","","","","","","","","fr","d5e27469516ccf1d5a90cf00cf9f196f","Indexable",""
"https://www.promovacances.com/vacances/vacances-en-famille/vacances-en-famille-grece---les-cyclades/theme,28/pays,322/ville,/","553","140","3,950","86,252","Facile","","","","","","","","","","fr","c40ecb0554c313b440c7b2cb9cde841d","Indexable",""
"https://www.promovacances.com/vacances/vacances-en-famille/vacances-en-famille-polynesie-francaise/theme,28/pays,176/ville,/","470","122","3,852","100,000","Très facile","","","","","","","","","","fr","8089c585ba2766b5232f950ef9b529b8","Indexable",""
"https://www.promovacances.com/vacances/vacances-en-famille/vacances-en-famille-dubai/theme,28/pays,258/ville,1764/","1840","516","3,566","100,000","Très facile","","","","","","","","","","fr","f54c0d764b2e484e74a8241908e0128a","Indexable",""
"https://www.promovacances.com/vacances/vacances-en-famille/vacances-en-famille-emirats-arabes-unis/theme,28/pays,259/ville,/","1833","467","3,925","94,666","Très facile","","","","","","","","","","fr","de0798f5d7e3b9cf0e02b1d1d62efe99","Indexable",""
"https://www.promovacances.com/vacances/vacances-en-famille/vacances-en-famille-chypre/theme,28/pays,44/ville,/","1788","524","3,412","100,000","Très facile","","","","","","","","","","fr","cf6e77b9dfbcd4532eea7912dae24917","Indexable",""
"https://www.promovacances.com/vacances/vacances-en-famille/vacances-en-famille-bahamas/theme,28/pays,18/ville,/","589","176","3,347","98,730","Très facile","","","","","","","","","","fr","268239947e33a7c94065c0d3acebf7f8","Indexable",""
"https://www.promovacances.com/vacances/vacances-en-famille/vacances-en-famille-algarve/theme,28/pays,254/ville,/","1673","452","3,701","99,869","Très facile","","","","","","","","","","fr","1ea3e070df8f6483bb338d33b845c28b","Indexable",""
"https://www.promovacances.com/vacances/vacances-en-famille/vacances-en-famille-koh-samui/theme,28/pays,215/ville,930/","1030","265","3,887","98,659","Très facile","","","","","","","","","","fr","8acd952527978107704cd1da563a250d","Indexable",""
"https://www.promovacances.com/vacances/vacances-en-famille/vacances-en-famille-mykonos/theme,28/pays,233/ville,/","558","137","4,073","86,414","Facile","","","","","","","","","","fr","b40d42cf9050a7497bd969c659c7d465","Indexable",""
"https://www.promovacances.com/vacances/vacances-en-famille/vacances-en-famille/theme,28/pays,/ville,/","1540","465","3,312","100,000","Très facile","","","","","","","","","","fr","e4c59eb767fbc9808d64894a6f8f813c","Indexable",""
"https://www.promovacances.com/vacances/vacances-en-famille/vacances-en-famille-malte/theme,28/pays,148/ville,/","1018","298","3,416","100,000","Très facile","","","","","","","","","","fr","611bd5a262bfb45ec705f5724af2b4a4","Indexable",""
"https://www.promovacances.com/vacances/vacances-en-famille/vacances-en-famille-tenerife/theme,28/pays,429/ville,/","1775","465","3,817","94,768","Très facile","","","","","","","","","","fr","4d1ae8578501acbaa2c9e618a20e4f1","Indexable",""
"https://www.promovacances.com/vacances/vacances-en-famille/vacances-en-famille-canaries/theme,28/pays,38/ville,/","1855","519","3,574","99,863","Très facile","","","","","","","","","","fr","cdbb20584355b6c449bb066720392532","Indexable",""
"https://www.promovacances.com/france/location-vacances-corse/","2813","626","4,494","81,193","Facile","","","","","","","","","","fr","61864c767e8da1af5515770cb9db46b5","Indexable",""
"https://www.promovacances.com/vacances/vacances-en-famille/vacances-en-famille-turquie/theme,28/pays,220/ville,/","1733","501","3,459","100,000","Très facile","","","","","","","","","","fr","de872e2b8c6392664328a77a12941e6d","Indexable",""
"https://www.promovacances.com/vacances/vacances-en-famille/vacances-en-famille-andalousie/theme,28/pays,6/ville,/","1777","516","3,444","98,887","Très facile","","","","","","","","","","fr","6e369db68920bfafba1b13ece98b4c2c","Indexable",""
"https://www.promovacances.com/vacances/vacances-en-famille/vacances-en-famille-espagne/theme,28/pays,66/ville,/","1805","509","3,546","100,000","Très facile","","","","","","","","","","fr","dd761a7caf5b659f08e66cab63fd7f81","Indexable",""
"https://www.promovacances.com/vacances/vacances-en-famille/vacances-en-famille-maroc-balneaire/theme,28/pays,323/ville,/","1673","455","3,677","96,860","Très facile","","","","","","","","","","fr","c28130b53a9c70960178903d72f7418d","Indexable",""
"https://www.promovacances.com/vacances/vacances-en-famille/vacances-en-famille-bodrum/theme,28/pays,220/ville,571/","729","193","3,777","92,986","Très facile","","","","","","","","","","fr","eddb3b39245f7d8b2bedfe72e5c29af8","Indexable",""
"https://www.promovacances.com/vacances/vacances-en-famille/vacances-en-famille-sardaigne/theme,28/pays,195/ville,/","1036","299","3,465","100,000","Très facile","","","","","","","","","","fr","a5d7134df86b3ec57f8a187ecdef3138","Indexable",""
"https://www.promovacances.com/vacances/vacances-en-famille/vacances-en-famille-seychelles/theme,28/pays,198/ville,/","1500","443","3,386","100,000","Très facile","","","","","","","","","","fr","314159eb0f288ddc501277615f8b4ea7","Indexable",""
"https://www.promovacances.com/vacances/vacances-en-famille/vacances-en-famille-mexique-balneaire/theme,28/pays,249/ville,/","1738","468","3,714","100,000","Très facile","","","","","","","","","","fr","4fbf371e8db2d3c08055af227ccb1b57","Indexable",""
"https://www.promovacances.com/vacances/vacances-en-famille/vacances-en-famille-bresil/theme,28/pays,31/ville,/","1036","287","3,610","100,000","Très facile","","","","","","","","","","fr","3b791646622fdf8a9eb8a52404fd6914","Indexable",""
"https://www.promovacances.com/vacances/vacances-en-famille/vacances-en-famille-italie/theme,28/pays,125/ville,/","1781","509","3,499","100,000","Très facile","","","","","","","","","","fr","6aac3aaae74d24e9c3556ca0b838a76f","Indexable",""
"https://www.promovacances.com/vacances/vacances-en-famille/vacances-en-famille-croatie/theme,28/pays,55/ville,/","1518","401","3,786","99,667","Très facile","","","","","","","","","","fr","527976c8e4b038cd79775cf3baecc6a7","Indexable",""
"https://www.promovacances.com/vacances/vacances-en-famille/vacances-en-famille-hurghada/theme,28/pays,62/ville,867/","1813","509","3,562","100,000","Très facile","","","","","","","","","","fr","d0ab79f46e0b2efa0d517938c167259a","Indexable",""
"https://www.promovacances.com/vacances/vacances-en-famille/vacances-en-famille-lisbonne/theme,28/pays,178/ville,991/","650","178","3,652","100,000","Très facile","","","","","","","","","","fr","61675834fb9cf83fd9838bda1a2fed9d","Indexable",""
"https://www.promovacances.com/vacances/vacances-en-famille/vacances-en-famille-antalya/theme,28/pays,220/ville,497/","1768","502","3,522","100,000","Très facile","","","","","","","","","","fr","1404091927d129b19a318029c69045cc","Indexable",""
"https://www.promovacances.com/vacances/vacances-en-famille/vacances-en-famille-mer-rouge/theme,28/pays,459/ville,/","1687","451","3,741","100,000","Très facile","","","","","","","","","","fr","446f21f890fa44cccd54ede3dd27ffd5","Indexable",""
"https://www.promovacances.com/vacances/vacances-en-famille/vacances-en-famille-bangkok/theme,28/pays,215/ville,543/","1178","309","3,812","100,000","Très facile","","","","","","","","","","fr","dcd0a576c6fda5f1834581e683527015","Indexable",""
"https://www.promovacances.com/france/location-vacances-bretagne/","2828","576","4,910","88,832","Facile","","","","","","","","","","fr","b62aa6443d5f142cef0f51f106da71df","Indexable",""
"https://www.promovacances.com/vacances/vacances-en-famille/vacances-en-famille-reunion/theme,28/pays,185/ville,/","979","274","3,573","100,000","Très facile","","","","","","","","","","fr","e7efc1b7b0a1c102d7130e1f61b9e367","Indexable",""
"https://www.promovacances.com/vacances/vacances-en-famille/vacances-en-famille-qatar/theme,28/pays,179/ville,/","673","175","3,846","93,065","Très facile","","","","","","","","","","fr","6e15197df71b54c31fa885d4465058a8","Indexable",""
"https://www.promovacances.com/vacances/vacances-en-famille/vacances-en-famille-albanie/theme,28/pays,3/ville,/","968","265","3,653","95,629","Très facile","","","","","","","","","","fr","39c164f9d18b531098209bd73bd253ae","Indexable",""
"https://www.promovacances.com/vacances/vacances-en-famille/vacances-en-famille-antilles/theme,28/pays,10/ville,/","1667","460","3,624","100,000","Très facile","","","","","","","","","","fr","ecc44cca5688007d61600427e93bf01d","Indexable",""
"https://www.promovacances.com/vacances/vacances-en-famille/vacances-en-famille-sicile-et-italie-du-sud/theme,28/pays,199/ville,/","1845","513","3,596","100,000","Très facile","","","","","","","","","","fr","98d8046fc70014d4efb4033020ffeecd","Indexable",""
"https://www.promovacances.com/vacances/vacances-en-famille/vacances-en-famille-ile-de-kos/theme,28/pays,113/ville,/","779","224","3,478","100,000","Très facile","","","","","","","","","","fr","62dff6b32d0716c508f8c6deb1af2040","Indexable",""
"https://www.promovacances.com/vacances/vacances-en-famille/vacances-en-famille-portugal/theme,28/pays,178/ville,/","1775","507","3,501","100,000","Très facile","","","","","","","","","","fr","e3d6058607b6eac593037d11bef6ed7c","Indexable",""
"https://www.promovacances.com/france/location-vacances-sud-ouest/","2240","541","4,140","86,156","Facile","","","","","","","","","","fr","375f5afe51cdb98e91314b0fa060c6f1","Indexable",""
"https://www.promovacances.com/vacances/vacances-en-famille/vacances-en-famille-zanzibar/theme,28/pays,230/ville,/","1756","504","3,484","100,000","Très facile","","","","","","","","","","fr","794a7323bcbd54b578e59419c6d956f8","Indexable",""
"https://www.promovacances.com/vacances/vacances-en-famille/vacances-en-famille-abu-dhabi/theme,28/pays,260/ville,/","633","143","4,427","78,315","Assez facile","","","","","","","","","","fr","c8fb20c28df054d631b6e928ee297ac2","Indexable",""
"https://www.promovacances.com/circuit-italie/reflets-d-italie-entre-toscane-et-venetie-79020.html","2962","485","6,107","78,363","Assez facile","","","","","","","","","","fr","347f211c00f7f60b1375fb20301e37c0","Indexable",""
"https://www.promovacances.com/voyage/hotel-budoni/sardaigne-italie/","1825","533","3,424","99,754","Très facile","","","","","","","","","","fr","9b8b26a0b383b777f3481396d4d52a55","Indexable",""
"https://www.promovacances.com/hotel-baja-bianca-by-ovoyages/sardaigne-san-teodoro-81506.html","4163","680","6,122","76,231","Assez facile","","","","","","","","","","fr","250c633f3a56ad87423d5c3e8f516f95","Indexable",""
"https://www.promovacances.com/idees-vacances/partir/vacances-automne/","1357","250","5,428","60,617","Normal","","","","","","","","","","fr","626c632f915baa2516f686b3e4082dae","Indexable",""
"https://www.promovacances.com/vacances/voyage-derniere-minute/voyage-italie/theme,/pays,125/ville,/","2463","616","3,998","95,678","Très facile","","","","","","","","","","fr","8d76e3322eb325a77cfc92f63048496","Indexable",""
"https://www.promovacances.com/voyage/hotel-palerme/sicile-sicile-et-italie-du-sud-italie/","1795","542","3,312","99,785","Très facile","","","","","","","","","","fr","cbbba66677b1a4ea5e9d4b779e8cc9e","Indexable",""
"https://www.promovacances.com/circuit-italie/richesses-des-pouilles-73636.html","3361","524","6,414","74,847","Assez facile","","","","","","","","","","fr","d1d8cb88ee9eeed4ee81580b9e21fb2","Indexable",""
"https://www.promovacances.com/hotel-oclub-experience-cala-della-torre/sardaigne-la-caletta-81511.html","4818","783","6,153","75,937","Assez facile","","","","","","","","","","fr","d356e7210827c7bcbf192eec081c329a","Indexable",""
"https://www.promovacances.com/autotour-italie/balade-sur-les-routes-des-lacs-italiens-en-liberte-arrivee-milan-79805.html","3987","621","6,420","81,429","Facile","","","","","","","","","","fr","c6541a6199eb94f334cf616cf91e793d","Indexable",""
"https://www.promovacances.com/circuit-italie/escapade-magique-a-rome-82021.html","2637","429","6,147","77,433","Assez facile","","","","","","","","","","fr","933e9579ce4fb212ae26b62c77909b83","Indexable",""
"https://www.promovacances.com/autotour-italie/balade-en-toscane-route-des-vins-en-3-nuits-82027.html","3292","523","6,294","78,866","Assez facile","","","","","","","","","","fr","8816c9b488912b2bc435a9d5db0c20cb","Indexable",""
"https://www.promovacances.com/hotel-coralia-baia-d-oro/sicile-et-italie-du-sud-licata-57540.html","4031","647","6,230","75,616","Assez facile","","","","","","","","","","fr","8a744423576ed591caaf9000a3b2949e","Indexable",""
"https://www.promovacances.com/circuit-italie/grand-voyage-en-italie-74195.html","2857","473","6,040","77,935","Assez facile","","","","","","","","","","fr","4ff78bf1f44a6a3f8b1beec2d1dc7ebd","Indexable",""
"https://www.promovacances.com/hotel-framissima-th-marina-di-pisticci-ex-ti-blu-village/italie-marina-di-pisticci-61348.html","6756","1039","6,502","78,532","Assez facile","","","","","","","","","","fr","9198ad4b33b77aa68a76de84e75552d8","Indexable",""
"https://www.promovacances.com/hotel-genio-rome/italie-rome-81272.html","2706","477","5,673","81,649","Facile","","","","","","","","","","fr","33203e0b18eaa1fedcdd4653ea62be4a","Indexable",""
"https://www.promovacances.com/voyage/hotel-catane/sicile-sicile-et-italie-du-sud-italie/","2209","599","3,688","96,394","Très facile","","","","","","","","","","fr","e85787c81d5be453039a7ba2a72da5ee","Indexable",""
"https://www.promovacances.com/circuit-italie/heritage-et-liberte-rome-et-florence-en-train-82029.html","2674","443","6,036","78,143","Assez facile","","","","","","","","","","fr","12a104eca43f20fec0d7d4b959cef267","Indexable",""
"https://www.promovacances.com/vacances/vacances-et-sejours/voyage-tout-inclus-italie/theme,7/pays,125/ville,/","3171","694","4,569","90,838","Très facile","","","","","","","","","","fr","20fa4bcba0eb6f236fb857d4cfbbc205","Indexable",""
"https://www.promovacances.com/circuit-italie/rome-et-naples-en-train-82015.html","2566","426","6,023","79,426","Assez facile","","","","","","","","","","fr","b54a401b513c232e43a07347ed0ec47","Indexable",""
"https://www.promovacances.com/hotel-framissima-cala-regina/sicile-et-italie-du-sud-sciacca-80228.html","3614","610","5,925","83,051","Facile","","","","","","","","","","fr","41b5ef1b3354e59e2e401e780cfbe13e","Indexable",""
"https://www.promovacances.com/vacances-sejour-hotel/voyage-naples-et-cote-amalfitaine/italie/","2323","603","3,852","99,970","Très facile","","","","","","","","","","fr","c1f5e65977dd1227b3fbfc55fc86925e","Indexable",""
"https://www.promovacances.com/circuit-italie/rome-florence-et-venise-en-train-81695.html","2628","440","5,973","77,543","Assez facile","","","","","","","","","","fr","e40f2094f0023f4f8960ea8203b1b1f7","Indexable",""
"https://www.promovacances.com/vacances/circuit-touristique/sejour-circuit-italie/theme,/pays,125/ville,/","2112","555","3,805","92,776","Très facile","","","","","","","","","","fr","9b636627984ee54a0888f2a2454f01e9","Indexable",""
"https://www.promovacances.com/circuit-italie/splendeurs-des-pouilles-80091.html","3203","514","6,232","75,446","Assez facile","","","","","","","","","","fr","553b8cf726c02e7dfaadab77cac4acda","Indexable",""
"https://www.promovacances.com/circuit-italie/escapade-baroque-a-rome-81698.html","2274","384","5,922","78,872","Assez facile","","","","","","","","","","fr","4d1cf462a9dbf464df6adbfa5a495e95","Indexable",""
"https://www.promovacances.com/hotel-jumbo-eloro/sicile-et-italie-du-sud-noto-61405.html","4566","727","6,281","79,285","Assez facile","","","","","","","","","","fr","ea37895e61bbfc054593cce35d0a89ba","Indexable",""
"https://www.promovacances.com/hotel-marina-seada-beach/italie-budoni-vp300386.html","2713","460","5,898","81,261","Facile","","","","","","","","","","fr","1823dc4ed50241cf4bc012aec2e20fdd","Indexable",""
"https://www.promovacances.com/hotel-framissima-acqua-di-venere/italie-paestum-63700.html","3828","637","6,009","81,659","Facile","","","","","","","","","","fr","635607ee53650a947eda173469c621cc","Indexable",""
"https://www.promovacances.com/guide-voyage/italie/pays,125/","444","102","4,353","80,852","Facile","","","","","","","","","","fr","7b7be1b73ce2555813e870706b0f9304","Indexable",""
"https://www.promovacances.com/voyage/hotel-castelsardo/sardaigne-italie/","1825","534","3,418","99,621","Très facile","","","","","","","","","","fr","51cc40b1aa55e16f2baed6374dbee156","Indexable",""
"https://www.promovacances.com/hotel-luxiclub-sol-nessebar-resort/bulgarie-burgas-65458.html","4231","741","5,710","83,207","Facile","","","","","","","","","","fr","42b33e9292aebb4a67c44c7ecfbb5455","Indexable",""
"https://www.promovacances.com/vacances-sejour-hotel/voyage-hotel-italie-du-sud/sicile-et-italie-du-sud-italie/","2606","581","4,485","84,115","Facile","","","","","","","","","","fr","24ce62bdd32bab740db6ecd48683588d","Indexable",""
"https://www.promovacances.com/autotour-italie/balade-en-toscane-route-des-vins-en-5-nuits-82041.html","3659","581","6,298","77,924","Assez facile","","","","","","","","","","fr","7fbbf18f65643486252ed0a39b71704f","Indexable",""
"https://www.promovacances.com/hotel-marmara-les-magnolias/bulgarie-primorsko-81331.html","6088","957","6,362","81,329","Facile","","","","","","","","","","fr","5e84670d517f19cc8b1a9e7f9f5180d1","Indexable",""
"https://www.promovacances.com/circuit-italie/rome-magique-82066.html","2740","452","6,062","79,278","Assez facile","","","","","","","","","","fr","d94e46eca0635498e554a072ff37d9c6","Indexable",""
"https://www.promovacances.com/idees-vacances/mois/vacances-mai/","1554","255","6,094","69,449","Normal","","","","","","","","","","fr","d5658642102a524bf7fecb47d6dccbcb","Indexable",""
"https://www.promovacances.com/voyage/hotel-olbia/sardaigne-italie/","1825","533","3,424","99,846","Très facile","","","","","","","","","","fr","bcb9dbd085bbeecd838cd205400e3fd2","Indexable",""
"https://www.promovacances.com/circuit-italie/essentiel-des-pouilles-67734.html","3108","510","6,094","75,764","Assez facile","","","","","","","","","","fr","67687de4dbb32688b3cd36e6300b9548","Indexable",""
"https://www.promovacances.com/hotel-janna-e-sole-resort/italie-budoni-vp788519.html","3719","631","5,894","77,854","Assez facile","","","","","","","","","","fr","f206f38b2ae729659bce71e28adb09d4","Indexable",""
"https://www.promovacances.com/voyage/hotel-cagliari/sardaigne-italie/","1876","543","3,455","98,345","Très facile","","","","","","","","","","fr","ae9af4611f1a43d61bab3d7533b3b115","Indexable",""
"https://www.promovacances.com/autotour-italie/baie-de-naples-et-cote-de-cilento-81040.html","3619","584","6,197","78,823","Assez facile","","","","","","","","","","fr","68e8baeda54bc0af473e53bf627437eb","Indexable",""
"https://www.promovacances.com/circuit-italie/lacs-et-dolomites-joyaux-du-nord-de-l-italie-78978.html","3224","501","6,435","79,517","Assez facile","","","","","","","","","","fr","1f2d5ec1155ec3479c7439f2bf279dbc","Indexable",""
"https://www.promovacances.com/voyage-vacances-sejour/hotel-pouilles/italie-du-sud-sicile-et-italie-du-sud-italie/","2696","594","4,539","87,504","Facile","","","","","","","","","","fr","525b410a3acce4f9fb07082a376118b0","Indexable",""
"https://www.promovacances.com/voyage/hotel-santa-teresa-di-gallura/sardaigne-italie/","1728","479","3,608","93,458","Très facile","","","","","","","","","","fr","19f3ed57f8cd24bf74e3df884c2659f5","Indexable",""
"https://www.promovacances.com/circuit-italie/magique-italie-de-venise-a-rome-67614.html","3035","507","5,986","77,664","Assez facile","","","","","","","","","","fr","9d5479b33a0c799e48eea94b4af776ab","Indexable",""
"https://www.promovacances.com/vacances/week-end-pas-cher/sejour-week-end-italie/theme,/pays,125/ville,/","2683","673","3,987","98,576","Très facile","","","","","","","","","","fr","d1763a5adb9c4fb4202c68824c2d645c","Indexable",""
"https://www.promovacances.com/circuit-italie/decouverte-de-campanie-au-framissima-acqua-di-venere-76251.html","4569","742","6,158","78,842","Assez facile","","","","","","","","","","fr","fb60abd33fea80564ec8971127d58445","Indexable",""
"https://www.promovacances.com/circuit-algerie/d-alger-la-blanche-aux-oasis-du-sahara-maximum-16-participants-78274.html","3259","486","6,706","73,739","Assez facile","","","","","","","","","","fr","26d80d4de6019e240191c6735d71db0c","Indexable",""
"https://www.promovacances.com/billet-avion/vol-italie/pays,125/","2278","365","6,241","85,522","Facile","","","","","","","","","","fr","947be009746eaae34ba3def16447b149","Indexable",""
"https://www.promovacances.com/circuit-italie/mythique-cote-amalfitaine-73585.html","3194","511","6,250","79,127","Assez facile","","","","","","","","","","fr","96ed505f1b57b8d47004079dcd2c11b2","Indexable",""
"https://www.promovacances.com/hotel-hopps/sicile-et-italie-du-sud-mazara-del-vallo-59012.html","4460","702","6,353","79,708","Assez facile","","","","","","","","","","fr","8d6ae6f68810893d6950745e0f1dce6b","Indexable",""
"https://www.promovacances.com/hotel-baia-d-oro/sicile-et-italie-du-sud-catane-61185.html","4213","670","6,288","76,796","Assez facile","","","","","","","","","","fr","40e1dd117f495d0c95f5ff8b200f134d","Indexable",""
"https://www.promovacances.com/idees-vacances/partir/vacances-hiver/","2108","341","6,182","69,727","Normal","","","","","","","","","","fr","d27455b5bbcecde0960be6bc8a4f09d2","Indexable",""
"https://www.promovacances.com/hotel-framissima-kenzi-europa/maroc-agadir-72320.html","5789","967","5,987","78,382","Assez facile","","","","","","","","","","fr","26f8bb26e86b6d9df7ea664f89228f3","Indexable",""
"https://www.promovacances.com/circuit-maroc/cites-imperiales-et-magie-du-grand-sud-61456.html","4951","792","6,251","73,291","Assez facile","","","","","","","","","","fr","4a34e69d27ba3f99bc41eaf198205556","Indexable",""
"https://www.promovacances.com/circuit-italie/grande-boucle-italienne-74250.html","3253","528","6,161","78,896","Assez facile","","","","","","","","","","fr","7bbbab708e841eb89526dbbceebf31e5","Indexable",""
"https://www.promovacances.com/circuit-maroc/coralia-villes-imperiales-72199.html","4610","739","6,238","72,392","Assez facile","","","","","","","","","","fr","d56a71f34b66f110631efc4609e517b7","Indexable",""
"https://www.promovacances.com/vacances-sejour-hotel/voyage-hotel-essaouira/maroc-balneaire-maroc/","2153","528","4,078","96,131","Très facile","","","","","","","","","","fr","b7b9352a68a329e8193f112308ed58d0","Indexable",""
"https://www.promovacances.com/vacances/week-end-pas-cher/sejour-week-end-maroc/theme,/pays,149/ville,/","2178","584","3,729","99,999","Très facile","","","","","","","","","","fr","d5cfc1cb063fa6cbf72471624b821a5","Indexable",""
"https://www.promovacances.com/hotel-pickalbatros-palais-des-roses/maroc-agadir-73255.html","3560","632","5,633","79,161","Assez facile","","","","","","","","","","fr","3cabe87846ba8ec5479767353a144029","Indexable",""
"https://www.promovacances.com/circuit-maroc/les-villes-imperiales-circuit-privatif-50596.html","3114","512","6,082","74,713","Assez facile","","","","","","","","","","fr","b7365b0eccb1b9584bcadc7fe5e2d46d","Indexable",""
"https://www.promovacances.com/hotel-tui-selection-ihotel-sunny-beach/bulgarie-sunny-beach-69180.html","3733","624","5,982","79,472","Assez facile","","","","","","","","","","fr","9422932c28d9b1f272f16a4ed886be17","Indexable",""
"https://www.promovacances.com/vacances-sejour-hotel/voyage-hotel-dakhla/maroc-balneaire-maroc/","818","217","3,770","89,761","Facile","","","","","","","","","","fr","e64b75202e4516977fbfdd66943e33de","Indexable",""
"https://www.promovacances.com/hotel-framissima-radisson-blu-resort-saidia-beach/maroc-oujda-77240.html","4048","684","5,918","79,111","Assez facile","","","","","","","","","","fr","367076afa7ba65a98959cb3f9a91e195","Indexable",""
"https://www.promovacances.com/hotel-radisson-blu-resort-saidia-beach/maroc-oujda-77298.html","3710","640","5,797","77,244","Assez facile","","","","","","","","","","fr","d18b1b3f226bebeb4596b5568bd19ae6","Indexable",""
"https://www.promovacances.com/vacances/circuit-touristique/sejour-circuit-portugal/theme,/pays,178/ville,/","2123","542","3,917","91,640","Très facile","","","","","","","","","","fr","24359969fe53c7422c0a310d4286186f","Indexable",""
"https://www.promovacances.com/circuit-maroc/boucles-sahariennes-en-4x4-44485.html","2883","492","5,860","75,058","Assez facile","","","","","","","","","","fr","a75aaa389619bf61bc0fb559adea2e37","Indexable",""
"https://www.promovacances.com/vacances-sejour-hotel/voyage-hotel-casablanca/maroc-balneaire-maroc/","1270","228","5,570","70,151","Assez facile","","","","","","","","","","fr","e379fd9a7066791691b849f420e7a3fc","Indexable",""
"https://www.promovacances.com/circuit-maroc/sud-marocain-du-desert-a-l-ocean-circuit-privatif-66042.html","3098","517","5,992","75,164","Assez facile","","","","","","","","","","fr","803b1e9068ba94bf856a75b02592e23f","Indexable",""
"https://www.promovacances.com/circuit-maroc/imperial-sur-les-traces-des-dynasties-marocaines-80259.html","4911","786","6,248","73,068","Assez facile","","","","","","","","","","fr","d7771abf80c07dd7ca9f978f7e300178","Indexable",""
"https://www.promovacances.com/hotel-riu-palace-tikida-agadir/maroc-agadir-78055.html","4606","770","5,982","81,008","Facile","","","","","","","","","","fr","8c9ea1e42b0218886efea2013cc195a7","Indexable",""
"https://www.promovacances.com/guide-voyage/maroc/pays,149/","838","152","5,513","70,503","Assez facile","","","","","","","","","","fr","fd774127e86ca2bdb7afd4699ef643d0","Indexable",""
"https://www.promovacances.com/circuit-maroc/les-beautes-imperiales-75021.html","4705","744","6,324","74,496","Assez facile","","","","","","","","","","fr","6073ba40e3f4f7692b0e4498f76aa60e","Indexable",""
"https://www.promovacances.com/combine-maroc/les-villes-imperiales-et-extension-framissima-royal-tafoukt-agadir-resort-spa-57410.html","4655","744","6,257","78,410","Assez facile","","","","","","","","","","fr","3a48e3c43ab82e67e15f3d6bf09db7e8","Indexable",""
"https://www.promovacances.com/circuit-maroc/nord-du-maroc-et-oriental-mediterraneen-79634.html","3005","495","6,071","75,645","Assez facile","","","","","","","","","","fr","3db99c78991e141ac10c58ad558fe207","Indexable",""
"https://www.promovacances.com/hotel-occidental-tanger/maroc-tanger-73372.html","3445","617","5,583","76,908","Assez facile","","","","","","","","","","fr","38a0f39f8989610a86f4c443d6498001","Indexable",""
"https://www.promovacances.com/hotel-atlas-essaouira-spa/maroc-essaouira-53242.html","3551","633","5,610","78,089","Assez facile","","","","","","","","","","fr","b77dbf8a6bc45ac902e4b5783826655b","Indexable",""
"https://www.promovacances.com/circuit-maroc/privatif-au-coeur-du-sud-marocain-en-4x4-78001.html","4538","722","6,285","74,767","Assez facile","","","","","","","","","","fr","d4b33cfe75e40a917aa0d4d420ab2885","Indexable",""
"https://www.promovacances.com/circuit-maroc/sud-marocain-en-4x4-74245.html","4269","676","6,315","74,189","Assez facile","","","","","","","","","","fr","6c647f5532d5a439c5f01d6aae9b235","Indexable",""
"https://www.promovacances.com/vacances-sejour-hotel/voyage-hotel-rabat/marrakech-villes-imperiales-maroc/","1228","210","5,848","77,238","Assez facile","","","","","","","","","","fr","a40fef6668fb82399007a67373db6a14","Indexable",""
"https://www.promovacances.com/hotel-framissima-royal-tafoukt-agadir-resort-spa/maroc-agadir-53099.html","6432","1029","6,251","77,050","Assez facile","","","","","","","","","","fr","12c224664a07b4fba539d5f4957c2bab","Indexable",""
"https://www.promovacances.com/circuit-maroc/en-etoile-bien-etre-et-serenite-dans-la-palmeraie-de-skoura-74936.html","5871","883","6,649","72,819","Assez facile","","","","","","","","","","fr","b597a73de8fa906e9a43a2b083a11df3","Indexable",""
"https://www.promovacances.com/vacances/circuit-touristique/sejour-circuit-etats-unis/theme,/pays,68/ville,/","2697","555","4,859","86,154","Facile","","","","","","","","","","fr","c3e56b5b4e8a6048ca0f297a5efb7ec4","Indexable",""
"https://www.promovacances.com/vacances/circuit-touristique/sejour-circuit-grece/theme,/pays,97/ville,/","2425","609","3,982","92,412","Très facile","","","","","","","","","","fr","7f624ead778922befa32f5ec51ccfa5c","Indexable",""
"https://www.promovacances.com/circuit-maroc/les-villes-imperiales-44470.html","3010","503","5,984","74,170","Assez facile","","","","","","","","","","fr","ec677d226c903438af986fa320968d99","Indexable",""
"https://www.promovacances.com/circuit-maroc/richesses-des-villes-imperiales-au-grand-sud-marocain-61776.html","3110","514","6,051","74,555","Assez facile","","","","","","","","","","fr","49b761d64517ada2e694b5ca5227d179","Indexable",""
"https://www.promovacances.com/circuit-maroc/couleurs-et-culture-du-nord-du-maroc-73703.html","2898","482","6,012","75,204","Assez facile","","","","","","","","","","fr","712418dbd6d0065982cd461a543da1f0","Indexable",""
"https://www.promovacances.com/hotel-adult-only-artiem-audax-spa-wellness-hotel/baleares-minorque-43917.html","2989","526","5,683","79,446","Assez facile","","","","","","","","","","fr","24d082ff176326d121e778add41d5760","Indexable",""
"https://www.promovacances.com/autotour-bulgarie/routes-de-la-bulgarie-classique-en-liberte-depart-de-varna-75644.html","2779","481","5,778","80,175","Facile","","","","","","","","","","fr","9293bf760510d52f9b5ea0bb72f3c78c","Indexable",""
"https://www.promovacances.com/hotel-adult-only-globales-lord-nelson/baleares-minorque-62435.html","3452","595","5,802","81,693","Facile","","","","","","","","","","fr","e8791f331fde8a364453bc3b05009d67","Indexable",""
"https://www.promovacances.com/hotel-framissima-globales-almirante-farragut/baleares-minorque-59341.html","4398","767","5,734","77,674","Assez facile","","","","","","","","","","fr","3f93ad21bd5bde803ff387f64622c4ec","Indexable",""
"https://www.promovacances.com/hotel-minura-cala-galdana-y-apartamentos-d-aljandar/baleares-minorque-67726.html","3320","600","5,533","79,721","Assez facile","","","","","","","","","","fr","b538b22e2081b1a3a331883a88b5344a","Indexable",""
"https://www.promovacances.com/hotel-xaloc-playa/baleares-minorque-43898.html","2813","491","5,729","82,285","Facile","","","","","","","","","","fr","abac55d2fb6773a0a408592459107fc1","Indexable",""
"https://www.promovacances.com/autotour-canaries/sur-les-routes-de-lanzarote-en-liberte-logement-au-bluesea-alyssa-suites-ex-labranda-74964.html","3464","591","5,861","78,602","Assez facile","","","","","","","","","","fr","7e3cb3a14a846bf7f824761deaebcaa4","Indexable",""
"https://www.promovacances.com/hotel-h10-suites-lanzarote-gardens/canaries-arrecife-61629.html","4032","651","6,194","78,894","Assez facile","","","","","","","","","","fr","d2b18dc921a971680850d8f9842b6812","Indexable",""
"https://www.promovacances.com/hotel-gran-sagitario/baleares-minorque-62222.html","3198","568","5,630","79,088","Assez facile","","","","","","","","","","fr","75cf5cba7b3cf6bd161e6ec603284806","Indexable",""
"https://www.promovacances.com/hotel-adult-only-caramelo-marina-cala-n-bosch/baleares-minorque-76325.html","3068","543","5,650","80,570","Facile","","","","","","","","","","fr","e84b0d2e067573c2492c6647623d0f","Indexable",""
"https://www.promovacances.com/hotel-villa-vik/canaries-arrecife-76860.html","4560","681","6,696","78,389","Assez facile","","","","","","","","","","fr","b8a45d339a1e3ddc68ac87d8d4d22611","Indexable",""
"https://www.promovacances.com/hotel-framissima-arabella/bulgarie-les-sables-d-or-57225.html","5143","863","5,959","80,770","Facile","","","","","","","","","","fr","20b014bab73c1736de8b01d3ae7a0e88","Indexable",""
"https://www.promovacances.com/hotel-riu-paraiso-lanzarote/canaries-arrecife-78168.html","3402","587","5,796","82,657","Facile","","","","","","","","","","fr","9358c62671888e402a1151eaede7ad24","Indexable",""
"https://www.promovacances.com/hotel-insotel-punta-prima-resort-and-spa/baleares-minorque-65447.html","3709","644","5,759","80,624","Facile","","","","","","","","","","fr","438f95969e857b81b4b46f28d38c9015","Indexable",""
"https://www.promovacances.com/hotel-adult-only-aluasoul-menorca/baleares-minorque-67029.html","3805","670","5,679","80,607","Facile","","","","","","","","","","fr","2e3f3bcfc923842ea438a21581c6dffd","Indexable",""
"https://www.promovacances.com/hotel-casa-de-hilario/canaries-arrecife-79573.html","3299","553","5,966","79,278","Assez facile","","","","","","","","","","fr","d10744ef1e2bd38d8af1d3b633ee4edd","Indexable",""
"https://www.promovacances.com/hotel-sol-milanos-pinguinos/baleares-minorque-64240.html","3432","594","5,778","79,518","Assez facile","","","","","","","","","","fr","2736fe2c7a77ac29c479f90993b43359","Indexable",""
"https://www.promovacances.com/hotel-ilunion-costa-sal-lanzarote/canaries-arrecife-78872.html","3145","542","5,803","80,273","Facile","","","","","","","","","","fr","47bdc4beb853e6e28b0b987d31e1737c","Indexable",""
"https://www.promovacances.com/hotel-petit-sagitario-adult-only/baleares-minorque-62205.html","3085","552","5,589","79,130","Assez facile","","","","","","","","","","fr","dadde754f5772246a2aa5586b4942085","Indexable",""
"https://www.promovacances.com/vacances-sejour-hotel/voyage-mexique/","3111","719","4,327","90,513","Très facile","","","","","","","","","","fr","7306443fb97a53924f98079ef900f472","Indexable",""
"https://www.promovacances.com/hotel-copthorne-hotel-dubai/dubai-et-les-emirats-dubai-66591.html","6518","941","6,927","70,101","Assez facile","","","","","","","","","","fr","76906a91d019243ea6c388988a19870a","Indexable",""
"https://www.promovacances.com/circuit-dubai-et-les-emirats/l-essentiel-au-coeur-des-emirats-67713.html","3172","481","6,595","69,934","Normal","","","","","","","","","","fr","d50b7c0f8603d6bb394aec7b4888c481","Indexable",""
"https://www.promovacances.com/vacances-sejour-hotel/voyage-hotel-minorque/baleares-espagne/","2643","617","4,284","87,126","Facile","","","","","","","","","","fr","4e31950ac0b53c19bee0f483f2570ec8","Indexable",""
"https://www.promovacances.com/hotel-fram-selection-canal-central-business-bay/dubai-et-les-emirats-dubai-62574.html","3305","528","6,259","75,565","Assez facile","","","","","","","","","","fr","ccacbca7ed0f94d31501c563bae7b458","Indexable",""
"https://www.promovacances.com/vacances-sejour-hotel/voyage-dubai-et-emirats/emirats-arabes-unis/","1827","422","4,329","87,974","Facile","","","","","","","","","","fr","7114169fc5d1043eef4c1840cdd75671","Indexable",""
"https://www.promovacances.com/hotel-framissima-evasion-riu-dubai-avec-activites-incluses/dubai-et-les-emirats-dubai-71270.html","4811","726","6,627","76,823","Assez facile","","","","","","","","","","fr","afe54ba833291c8c71628c132602c439","Indexable",""
"https://www.promovacances.com/circuit-armenie/eternelle-armenie-73934.html","4794","701","6,839","78,923","Assez facile","","","","","","","","","","fr","e29db9830507e3f02a68685a6df51b9f","Indexable",""
"https://www.promovacances.com/hotel-marriott-al-jaddaf/dubai-et-les-emirats-dubai-72460.html","4637","709","6,540","72,120","Assez facile","","","","","","","","","","fr","7c1e55e1d05a3bc4045ac6054280673d","Indexable",""
"https://www.promovacances.com/vacances-sejour-hotel/voyage-mascate/oman/","2551","610","4,182","96,401","Très facile","","","","","","","","","","fr","82df035d0bf4b41364e1d017d7fd6b57","Indexable",""
"https://www.promovacances.com/hotel-the-hampton-by-hilton-marjan-island/dubai-et-les-emirats-dubai-79529.html","4756","734","6,480","73,661","Assez facile","","","","","","","","","","fr","a29c7ad68dc9a222df6af2525c4060ae","Indexable",""
"https://www.promovacances.com/hotel-framissima-evasion-riu-dubai/dubai-et-les-emirats-dubai-59795.html","5866","883","6,643","73,495","Assez facile","","","","","","","","","","fr","63f455c3d1e2f46285475ff157c17082","Indexable",""
"https://www.promovacances.com/hotel-the-tower-plaza-hotel-dubai/dubai-et-les-emirats-dubai-80981.html","3411","541","6,305","75,656","Assez facile","","","","","","","","","","fr","d28f023e45845380a6904055116d5ad0","Indexable",""
"https://www.promovacances.com/hotel-hyatt-place-dubai-al-rigga/dubai-et-les-emirats-dubai-61864.html","6267","952","6,583","72,842","Assez facile","","","","","","","","","","fr","c9e84a6501b581adb922ee461cf62005","Indexable",""
"https://www.promovacances.com/vacances/vacances-et-sejours/voyage-tout-inclus-dubai-et-les-emirats/theme,7/pays,258/ville,/","2454","565","4,343","91,350","Très facile","","","","","","","","","","fr","b2921f3b7b753c88812ff230c0d7489b","Indexable",""
"https://www.promovacances.com/circuit-armenie/magie-de-l-armenie-limite-a-20-pers-69448.html","4251","667","6,373","71,844","Assez facile","","","","","","","","","","fr","dcd9b0c9e11291bd69de9e8690422a1d","Indexable",""
"https://www.promovacances.com/circuit-dubai-et-les-emirats/tresors-des-emirats-53139.html","3734","560","6,668","71,921","Assez facile","","","","","","","","","","fr","6373175e71d145c290d2d5e978ec3392","Indexable",""
"https://www.promovacances.com/vacances/circuit-touristique/sejour-circuit-dubai-et-les-emirats/theme,/pays,258/ville,/","4048","713","5,677","77,830","Assez facile","","","","","","","","","","fr","1fcdecd246601eca751227bda272f8b5","Indexable",""
"https://www.promovacances.com/hotel-fram-selection-barcelo-business-bay-dubai/dubai-et-les-emirats-dubai-65374.html","3122","497","6,282","74,372","Assez facile","","","","","","","","","","fr","ca5a4994e4546a36630a50a3e72ab15d","Indexable",""
"https://www.promovacances.com/hotel-tryp-by-wyndham-barsha-heights-dubai/dubai-et-les-emirats-dubai-71603.html","3392","539","6,293","78,735","Assez facile","","","","","","","","","","fr","ab5b3897e37d68b7025f7869c7c68d81","Indexable",""
"https://www.promovacances.com/hotel-fram-selection-royal-central-the-palm/dubai-et-les-emirats-dubai-62540.html","3481","557","6,250","76,204","Assez facile","","","","","","","","","","fr","f0c06dc3a588ab2f507d7e3cef469a01","Indexable",""
"https://www.promovacances.com/circuit-armenie/merveilles-de-l-armenie-et-de-la-georgie-limite-a-12-pers-72852.html","5863","896","6,544","69,679","Normal","","","","","","","","","","fr","ac59297f6efd66e6663d3ab698f55f8a","Indexable",""
"https://www.promovacances.com/vacances-sejour-hotel/voyage-hotel-fuerteventura/canaries-espagne/","2899","677","4,282","87,247","Facile","","","","","","","","","","fr","e9faa2d6c3dc6cdcafc4bc06c3aaa043","Indexable",""
"https://www.promovacances.com/combine-dubai-et-les-emirats/canal-central-business-bay-framissima-premium-radisson-blu-hotel-resort-abu-dhabi-corniche-73392.html","4660","710","6,563","79,192","Assez facile","","","","","","","","","","fr","ea18eaedbe60550cb0e6bf53bbc5c6b4","Indexable",""
"https://www.promovacances.com/hotel-framissima-premium-ja-beach-hotel-avec-activites-incluses/dubai-et-les-emirats-dubai-68720.html","5510","844","6,528","79,481","Assez facile","","","","","","","","","","fr","287df20475fa99f063af5ef246d61743","Indexable",""
"https://www.promovacances.com/hotel-centara-mirage-beach-resort-dubai/dubai-et-les-emirats-dubai-59723.html","4885","735","6,646","73,527","Assez facile","","","","","","","","","","fr","b2e9380cc38a41821674f3ae9d37feaa","Indexable",""
"https://www.promovacances.com/vacances-sejour-hotel/voyage-hotel-tenerife/canaries-espagne/","2872","619","4,640","85,064","Facile","","","","","","","","","","fr","7123d99605ebfb1001d277d6141a4e78","Indexable",""
"https://www.promovacances.com/circuit-dubai-et-les-emirats/emirats-et-oman-du-modernisme-aux-traditions-69090.html","4548","685","6,639","73,289","Assez facile","","","","","","","","","","fr","40fe99b93243e0a6db9ded892d13ffbe","Indexable",""
"https://www.promovacances.com/hotel-media-rotana-dubai/dubai-et-les-emirats-dubai-61874.html","6330","932","6,792","71,504","Assez facile","","","","","","","","","","fr","1862091523f5befcae9965e9f15aac3d","Indexable",""
"https://www.promovacances.com/hotel-the-first-collection-business-bay/dubai-et-les-emirats-dubai-69799.html","3225","514","6,274","75,022","Assez facile","","","","","","","","","","fr","fdbc9fcf2e50729cf630e46977746f4e","Indexable",""
"https://www.promovacances.com/circuit-dubai-et-les-emirats/merveilleux-emirats-68008.html","3567","544","6,557","72,699","Assez facile","","","","","","","","","","fr","8c4d067cb09229ef6a710739c2c992e2","Indexable",""
"https://www.promovacances.com/hotel-avani-deira-dubai-hotel/dubai-et-les-emirats-dubai-66140.html","2980","481","6,195","73,845","Assez facile","","","","","","","","","","fr","8151e9a434d6cdb107c80aa929e95061","Indexable",""
"https://www.promovacances.com/hotel-al-khoory-atrium/dubai-et-les-emirats-dubai-76893.html","5518","841","6,561","70,976","Assez facile","","","","","","","","","","fr","ae9b8e51a278bb207e5086af7dacdc52","Indexable",""
"https://www.promovacances.com/hotel-oaks-ibn-battuta/dubai-et-les-emirats-dubai-63319.html","3771","592","6,370","77,227","Assez facile","","","","","","","","","","fr","da7065bcd1f9e5d4c94890c10bd803e0","Indexable",""
"https://www.promovacances.com/circuit-armenie/eternelle-armenie-3-73944.html","4788","699","6,850","78,831","Assez facile","","","","","","","","","","fr","d8baa17fde03b22c0e8a640f2b81a631","Indexable",""
"https://www.promovacances.com/combine-dubai-et-les-emirats/sejour-2-en-1-dubai-et-maldives-fram-selection-barcelo-business-bay-et-framissima-evasion-canareef-resort-82168.html","4593","688","6,676","78,086","Assez facile","","","","","","","","","","fr","9c586227588d1d08f768c34cee182853","Indexable",""
"https://www.promovacances.com/hotel-al-khoory-executive/dubai-et-les-emirats-dubai-76906.html","5718","855","6,688","71,741","Assez facile","","","","","","","","","","fr","de11d4aab5b53a97378590b5df6608e7","Indexable",""
"https://www.promovacances.com/hotel-towers-rotana/dubai-et-les-emirats-dubai-69833.html","3354","543","6,177","76,390","Assez facile","","","","","","","","","","fr","9ea64ad24e87925c8b19c8021dc58a44","Indexable",""
"https://www.promovacances.com/hotel-sheraton-dubai-creek-hotel-towers/dubai-et-les-emirats-dubai-71324.html","4091","662","6,180","72,287","Assez facile","","","","","","","","","","fr","d39ab373fbb704617f53dcb9fa2c98b9","Indexable",""
"https://www.promovacances.com/hotel-framissima-premium-ja-beach-hotel/dubai-et-les-emirats-dubai-64879.html","6502","996","6,528","76,731","Assez facile","","","","","","","","","","fr","37aa57a69f50fcbeb904a99fe4351ce5","Indexable",""
"https://www.promovacances.com/vacances-sejour-hotel/voyage-emirats-arabes-unis/","2595","586","4,428","85,237","Facile","","","","","","","","","","fr","7e41bf43a65f6175992aa93c96a3f634","Indexable",""
"https://www.promovacances.com/hotel-coralia-centara-mirage-beach-resort-dubai/dubai-et-les-emirats-dubai-59555.html","4304","647","6,652","74,520","Assez facile","","","","","","","","","","fr","a0b0b4e7a6b076400ddbcbcc802ed8bc","Indexable",""
"https://www.promovacances.com/circuit-maroc/decouverte-des-villes-imperiales-chefchaouen-80017.html","4637","722","6,422","74,484","Assez facile","","","","","","","","","","fr","5fbf99f23242cf91c4429cf7378b41ae","Indexable",""
"https://www.promovacances.com/hotel-jumeira-rotana/emirats-arabes-unis-dubai-vp362649.html","3631","537","6,762","69,682","Normal","","","","","","","","","","fr","3eae4d796c470d55cfa819e67355a27b","Indexable",""
"https://www.promovacances.com/vacances-sejour-hotel/voyage-abu-dhabi/emirats-arabes-unis/","3065","648","4,730","80,724","Facile","","","","","","","","","","fr","7bd0abb6ea5efc697cc6d9da7c454e2d","Indexable",""
"https://www.promovacances.com/hotel-sofitel-dubai-jumeirah-beach/emirats-arabes-unis-dubai-vp105206.html","4242","623","6,809","70,232","Assez facile","","","","","","","","","","fr","1cb3296b29da02512d8d0f195febeca6","Indexable",""
"https://www.promovacances.com/vacances-sejour-hotel/voyage-hotel-fez/marrakech-villes-imperiales-maroc/","2377","582","4,084","93,923","Très facile","","","","","","","","","","fr","22afa41d8153e3ba3275ec7540adcc19","Indexable",""
"https://www.promovacances.com/circuit-maroc/villes-imperiales-et-cote-atlantique-circuit-privatif-66037.html","3107","534","5,818","74,724","Assez facile","","","","","","","","","","fr","4709626933f2be0410ae93e2183ffac5","Indexable",""
"https://www.promovacances.com/vacances/circuit-touristique/sejour-circuit-andalousie/theme,/pays,6/ville,/","2736","654","4,183","83,512","Facile","","","","","","","","","","fr","2ef98d2ab2df2954906294ed30b1907d","Indexable",""
"https://www.promovacances.com/circuit-maroc/tresors-des-villes-imperiales-57040.html","4583","748","6,127","74,316","Assez facile","","","","","","","","","","fr","57688cd120df3b46b52d6259ab6c5254","Indexable",""
"https://www.promovacances.com/circuit-maroc/grand-tour-du-maroc-43873.html","3616","586","6,171","77,017","Assez facile","","","","","","","","","","fr","f1babc94ce970e74cd963e195c69ed12","Indexable",""
"https://www.promovacances.com/hotel-atlantic/maroc-agadir-43958.html","3425","641","5,343","80,823","Facile","","","","","","","","","","fr","19ee409a93f6a8a957fa4f23f33a6122","Indexable",""
"https://www.promovacances.com/hotel-riu-tikida-dunas/maroc-agadir-78091.html","4159","720","5,776","78,720","Assez facile","","","","","","","","","","fr","fb920e0f612b7461afbdd10d43a55706","Indexable",""
"https://www.promovacances.com/vacances-sejour-hotel/voyage-marrakech-villes-imperiales/maroc/","2299","558","4,120","87,768","Facile","","","","","","","","","","fr","65028e2160b9407b60a4329c8035cb58","Indexable",""
"https://www.promovacances.com/vacances-sejour-hotel/voyage-hotel-tanger/maroc-balneaire-maroc/","977","268","3,646","92,384","Très facile","","","","","","","","","","fr","559a495e31cb74cec855bde38c485c51","Indexable",""
"https://www.promovacances.com/circuit-maroc/boucles-sahariennes-en-4x4-circuit-prive-50759.html","2994","505","5,929","75,302","Assez facile","","","","","","","","","","fr","88833641dfce659a43434c1f7348cebb","Indexable",""
"https://www.promovacances.com/hotel-barcelo-tanger/maroc-tanger-73365.html","3376","612","5,516","79,323","Assez facile","","","","","","","","","","fr","3e657df52aace85afc959a8b5d5ba304","Indexable",""
"https://www.promovacances.com/hotel-adult-only-riu-tikida-beach/maroc-agadir-78052.html","4183","727","5,754","81,265","Facile","","","","","","","","","","fr","5bc3c631fdb1dd88a420d00397b25588","Indexable",""
"https://www.promovacances.com/vacances/circuit-touristique/sejour-circuit-crete/theme,/pays,54/ville,/","2374","599","3,963","92,982","Très facile","","","","","","","","","","fr","ddb59a3e506121eae51b65fd137899f4","Indexable",""
"https://www.promovacances.com/billet-avion/vol-maroc/pays,149/","3211","499","6,435","72,310","Assez facile","","","","","","","","","","fr","d940c9b5020075594c23f9f7722f39c0","Indexable",""
"https://www.promovacances.com/circuit-maroc/grand-sud-maroc-36154.html","3001","493","6,087","73,799","Assez facile","","","","","","","","","","fr","6e874cbd830b544d06961440b3d4e67b","Indexable",""
"https://www.promovacances.com/vacances/voyage-derniere-minute/voyage-maroc/theme,/pays,149/ville,/","2533","631","4,014","93,078","Très facile","","","","","","","","","","fr","8621f07e57d3d589bbef5bdd66c40108","Indexable",""
"https://www.promovacances.com/vacances/circuit-touristique/sejour-circuit-sicile-et-italie-du-sud/theme,/pays,199/ville,/","2340","588","3,980","88,586","Facile","","","","","","","","","","fr","3079ec3718f80d95e2ac6c35b2f8cc2c","Indexable",""
"https://www.promovacances.com/vacances/vacances-et-sejours/voyage-tout-inclus-maroc/theme,7/pays,149/ville,/","2929","659","4,445","91,497","Très facile","","","","","","","","","","fr","9d378a688c8baf5a28533b62b1bbdcd1","Indexable",""
"https://www.promovacances.com/circuit-maroc/merveilles-du-maroc-entre-desert-et-kasbahs-56448.html","2773","469","5,913","74,864","Assez facile","","","","","","","","","","fr","26168a3bd67ffb2548a330166267f978","Indexable",""
"https://www.promovacances.com/hotel-marina-bay-city-center/maroc-tanger-68208.html","2904","503","5,773","81,183","Facile","","","","","","","","","","fr","dcce1c783e029851210cdd7711db35a0","Indexable",""
"https://www.promovacances.com/voyage/hotel-ouaddar/agadir-maroc-balneaire-maroc/","1789","522","3,427","100,000","Très facile","","","","","","","","","","fr","ab97524b882cd291487b65ffbb4d56b5","Indexable",""
"https://www.promovacances.com/hotel-riu-palace-tikida-taghazout/maroc-agadir-77984.html","4425","738","5,996","81,143","Facile","","","","","","","","","","fr","e8098dab8ebc629492f5c7726a633c7d","Indexable",""
"https://www.promovacances.com/vacances-sejour-hotel/voyage-hotel-ouarzazate/marrakech-villes-imperiales-maroc/","1448","283","5,117","90,517","Très facile","","","","","","","","","","fr","af469da0e10c2cf6a0d6d1a57a22c552","Indexable",""
"https://www.promovacances.com/plan-de-site/","112059","20736","5,404","65,006","Normal","","","","","","","","","","fr","cbc2fb8d0113afbd604f5576616e8e1e","Indexable",""
